date,min,max,median,q1,q3,stdev,count
2019-12-09T00:00:00.000Z,52.78,116.34,72.88,64,99.13,18.432,309
2019-12-10T00:00:00.000Z,41.35,123.54,88.19,68.77,93.43,18.348,412
2019-12-11T00:00:00.000Z,76.56,113.2,92.77,85.33,99.82,8.41,421
2019-12-12T00:00:00.000Z,43.86,92.51,65.55,59.99,71.58,9.68,490
2019-12-13T00:00:00.000Z,46.36,99.7,72.28,63.08,81.48,12.519,563
2019-12-14T00:00:00.000Z,71.45,126.2,88.93,78.58,100.51,12.739,400
2019-12-15T00:00:00.000Z,80.14,145.01,109.95,97.59,127.34,17.205,578
2019-12-16T00:00:00.000Z,87.96,135.54,117.89,110.11,124.68,10.526,290
2019-12-17T00:00:00.000Z,21.83,54.4,35,30.56,39.95,6.835,288
2019-12-18T00:00:00.000Z,17.07,97.08,45.86,27.46,58.45,18.352,463
2019-12-19T00:00:00.000Z,14.58,146.07,71.13,46.54,96.09,36.566,541
2019-12-20T00:00:00.000Z,20.84,167.77,73.55,52.64,97.32,31.193,586
2019-12-21T00:00:00.000Z,12.27,180.16,87.71,38.52,112.79,46.704,575
2019-12-22T00:00:00.000Z,30.98,265.75,148.44,66.26,211.09,71.484,585
2019-12-23T00:00:00.000Z,42.64,235.58,172.4,135.62,202.46,45.219,527
2019-12-24T00:00:00.000Z,27.33,207.76,106.46,68.75,153.99,50.624,547
2019-12-25T00:00:00.000Z,1.45,121.62,30.69,21.33,55.71,30.217,583
2019-12-26T00:00:00.000Z,1.44,67.17,24.35,16.2,32.39,13.976,579
2019-12-27T00:00:00.000Z,3.6,32.18,16.59,9.32,21.49,7.078,590
2019-12-28T00:00:00.000Z,10.98,59.1,34.69,29.46,40.11,8.847,584
2019-12-29T00:00:00.000Z,13.58,62.22,25.83,19.5,33.09,8.793,588
2019-12-30T00:00:00.000Z,9.72,67.42,28.7,16.42,35.51,12.094,585
2019-12-31T00:00:00.000Z,15.08,103.25,44.96,30.86,61.05,22.414,569
2020-01-01T00:00:00.000Z,24.95,62.78,46.96,40.89,51.39,7.593,481
2020-01-02T00:00:00.000Z,22.67,56.73,35.42,28.55,42.75,9.102,292
2020-01-03T00:00:00.000Z,20.85,66.65,39.38,32.17,48.42,11.443,306
2020-01-04T00:00:00.000Z,34.97,74.18,53.33,46.26,63.75,10.175,379
2020-01-05T00:00:00.000Z,34.82,92.22,49.13,44.88,54.38,10.564,494
2020-01-06T00:00:00.000Z,32.03,80.09,54.06,49.04,64.5,9.519,352
2020-01-07T00:00:00.000Z,29.7,72.79,51.86,40.94,57.83,10.033,204
2020-01-08T00:00:00.000Z,26.11,102.2,52.87,41.78,75.88,20.083,500
2020-01-09T00:00:00.000Z,31.92,85.64,54.56,46.64,62.45,11.064,527
2020-01-10T00:00:00.000Z,11.75,82.74,48.86,27.78,54.82,16.946,420
2020-01-11T00:00:00.000Z,4.62,30.84,14.94,11.6,20.09,5.519,528
2020-01-12T00:00:00.000Z,7.1,41.86,21.05,15.33,29.16,8.841,561
2020-01-13T00:00:00.000Z,8.21,48.94,24.87,15.88,32.22,9.749,488
2020-01-14T00:00:00.000Z,7.46,47.52,23.05,14.12,34.85,11.42,433
2020-01-15T00:00:00.000Z,23.72,91.79,47.19,39.24,64.31,17.644,456
2020-01-16T00:00:00.000Z,43.04,104.78,61.42,55.69,70.75,10.772,472
2020-01-17T00:00:00.000Z,28.26,102.54,68.18,55.1,81.93,15.935,462
2020-01-18T00:00:00.000Z,19.27,103.82,58.59,41.48,70.42,20.491,498
2020-01-19T00:00:00.000Z,53.98,103.71,72.28,62.71,82.52,11.451,472
2020-01-20T00:00:00.000Z,65.75,108.25,92.76,85.72,98.52,10.045,357
2020-01-21T00:00:00.000Z,23.58,91.05,40.42,33.04,47.98,17.19,455
2020-01-22T00:00:00.000Z,26.4,32.52,28.3,27.48,29.52,1.86,14
2020-01-23T00:00:00.000Z,13.19,29.72,22.2,16.41,26.8,5.093,83
2020-01-24T00:00:00.000Z,1.74,37.97,7.85,5,12.22,7.122,266
2020-01-25T00:00:00.000Z,1.83,39.74,8.09,4.8,12.75,7.216,296
2020-01-26T00:00:00.000Z,5.28,52.73,20.17,12.81,29.67,12.579,305
2020-01-27T00:00:00.000Z,12.92,71.76,30.04,16.25,42.18,13.946,253
2020-01-28T00:00:00.000Z,20.8,93.06,47.05,24.48,70.58,22.427,270
2020-01-29T00:00:00.000Z,36.11,129,66.2,46.76,82.3,25.773,308
2020-01-30T00:00:00.000Z,38.7,101.12,83.25,64.16,93.44,18.372,197
2020-02-01T00:00:00.000Z,3.8,38.54,9.64,6.06,21.54,8.968,222
2020-02-02T00:00:00.000Z,5.54,38.29,11.89,9.25,18.02,7.081,322
2020-02-03T00:00:00.000Z,6.05,43.54,17.23,12.52,25.38,8.604,303
2020-02-04T00:00:00.000Z,7.25,44.84,20,14.14,23.84,6.509,250
2020-02-05T00:00:00.000Z,4.32,45.9,14.44,9.43,22.41,8.562,228
2020-02-06T00:00:00.000Z,3.3,38.28,12.72,8.32,17.44,7.589,232
2020-02-07T00:00:00.000Z,1.84,148.33,4.18,3.22,6.74,11.023,212
2020-02-08T00:00:00.000Z,0.12,129.19,6.04,3.42,7.66,9.849,189
2020-02-09T00:00:00.000Z,0.57,12.73,3.85,2.2,6.6,2.642,358
2020-02-10T00:00:00.000Z,3.78,43.65,11.73,9.86,15.09,5.149,334
2020-02-11T00:00:00.000Z,5.62,36.29,20.63,12.68,27.2,8.583,122
2020-02-12T00:00:00.000Z,4.53,21.52,11.57,9.61,13.69,3.505,379
2020-02-13T00:00:00.000Z,5.88,62.89,14.26,10.91,22.8,12.086,373
2020-02-14T00:00:00.000Z,2.95,54.86,22.91,9.92,35.14,14.547,388
2020-02-15T00:00:00.000Z,5.28,67.62,20.39,13.99,23.29,9.863,323
2020-02-16T00:00:00.000Z,9.98,60.19,25.34,19.89,41.82,14.865,375
2020-02-17T00:00:00.000Z,32.13,95.55,58.99,40.99,72.98,16.197,345
2020-02-18T00:00:00.000Z,31.38,77.66,54.54,43.53,62.05,10.863,302
2020-02-19T00:00:00.000Z,41.38,74.47,62.71,53.94,66.29,6.96,447
2020-02-20T00:00:00.000Z,38.76,87.75,60.68,50.67,76.76,14.291,488
2020-02-21T00:00:00.000Z,46.03,92.78,62.43,59.81,74.68,10.178,421
2020-02-22T00:00:00.000Z,41.67,105.71,69.73,62.5,75.25,11.388,410
2020-02-23T00:00:00.000Z,23.75,68.88,46.33,38.43,53.26,10.584,379
2020-02-24T00:00:00.000Z,16,51.62,26.86,23.56,34.9,7.03,520
2020-02-25T00:00:00.000Z,1.8,32.5,6.86,3.94,19.38,8.058,449
2020-02-26T00:00:00.000Z,0.75,36.67,8.59,6.7,12.24,8.414,392
2020-02-27T00:00:00.000Z,4.07,56.99,19.04,15.41,27.97,13.044,552
2020-02-28T00:00:00.000Z,14.08,90.02,29.12,19.48,37.36,12.477,552
2020-02-29T00:00:00.000Z,14,47.46,28.26,20.38,36.22,8.798,542
2020-03-01T00:00:00.000Z,3.48,25.22,12.38,7.2,17.04,5.707,569
2020-03-02T00:00:00.000Z,2.15,48.35,9.58,5.65,25.99,9.951,465
2020-03-03T00:00:00.000Z,4.83,44.79,16.45,9.74,22.72,9.357,418
2020-03-04T00:00:00.000Z,11.54,55.34,20.39,16.92,26.34,8.654,584
2020-03-05T00:00:00.000Z,16.98,71.23,29.46,25.46,37.88,10.129,586
2020-03-06T00:00:00.000Z,13.75,117.85,46.05,23.8,60.18,20.905,539
2020-03-07T00:00:00.000Z,22.99,89,45.5,40.06,57.47,13.552,590
2020-03-08T00:00:00.000Z,31.43,47.88,37.02,35.51,39.61,3.135,370
2020-03-10T00:00:00.000Z,6.04,60.02,12.22,8.77,21.08,12.844,366
2020-03-11T00:00:00.000Z,4.34,22.98,9.81,7.54,13.2,3.904,577
2020-03-12T00:00:00.000Z,5.2,47.05,8.35,7.15,17.28,8.36,486
2020-03-13T00:00:00.000Z,3.02,32.72,12.02,9.82,16.82,5.187,518
2020-03-14T00:00:00.000Z,2.49,29.16,11.07,5.95,17.59,6.914,536
2020-03-15T00:00:00.000Z,3.8,38.53,19.39,11.22,26.86,9.236,289
2020-03-16T00:00:00.000Z,1.6,19.98,9.02,6.26,11.23,3.434,577
2020-03-17T00:00:00.000Z,1.45,42.41,19.03,7.88,27.31,10.939,571
2020-03-18T00:00:00.000Z,4.62,34.45,13.53,10.36,16.76,5.944,490
2020-03-19T00:00:00.000Z,4.04,38.6,19.82,12.57,30.22,9.556,537
2020-03-20T00:00:00.000Z,2.31,36.5,11.32,8.76,20.2,7.935,405
2020-03-21T00:00:00.000Z,1.64,19.17,7.75,5.66,10.24,3.408,399
2020-03-22T00:00:00.000Z,3.48,18.05,7.44,4.94,9.69,3.416,149
2020-03-27T00:00:00.000Z,3.65,32.04,15.07,6.03,19.68,8.118,132
2020-03-28T00:00:00.000Z,3.25,10.4,5.36,4.72,6.12,1.426,171
2020-03-29T00:00:00.000Z,1.81,31.17,8.05,5.12,15.99,9.495,324
2020-03-30T00:00:00.000Z,1.13,6.65,2.35,1.62,4.72,1.676,133
2020-03-31T00:00:00.000Z,1.36,9.18,2.68,2.27,4.57,1.799,304
2020-04-01T00:00:00.000Z,3,28.77,7.68,4.92,19.93,7.629,177
2020-04-02T00:00:00.000Z,0.6,13.89,2.08,1.32,5.58,3.109,374
2020-04-03T00:00:00.000Z,1.4,115.09,4.43,3.58,9.57,8.051,426
2020-04-04T00:00:00.000Z,0.7,19.3,4.04,2.17,7.04,3.441,503
2020-04-05T00:00:00.000Z,1,21,4.55,2.85,7.94,4.537,534
2020-04-06T00:00:00.000Z,1.92,51.94,7.96,4.47,23.18,11.932,497
2020-04-07T00:00:00.000Z,0.7,34.44,4.72,1.87,21.87,10.134,449
2020-04-08T00:00:00.000Z,1.5,16.57,3.78,2.74,7.93,3.664,447
2020-04-09T00:00:00.000Z,3.35,28.42,8.21,5.98,16.82,6.53,446
2020-04-10T00:00:00.000Z,3.66,26.88,11.38,8.52,14.62,4.897,497
2020-04-11T00:00:00.000Z,3.32,10.72,5.18,3.77,7.37,2.235,150
2020-04-12T00:00:00.000Z,2.59,55.15,7.43,5.46,8.31,4.026,589
2020-04-13T00:00:00.000Z,2.54,26.58,5.24,4.12,7.62,4.815,583
2020-04-14T00:00:00.000Z,2.63,32.01,5.56,4.11,7.81,4.82,572
2020-04-15T00:00:00.000Z,2.56,27.15,5.48,3.82,10.67,5.544,527
2020-04-16T00:00:00.000Z,2.88,22.68,5.64,4.79,7.14,4.232,527
2020-04-17T00:00:00.000Z,3.64,126.4,7.15,5.19,10.89,8.592,570
2020-04-18T00:00:00.000Z,3.48,15.92,6.18,4.59,7.58,2.676,585
2020-04-19T00:00:00.000Z,1.96,15.02,5.6,3.54,6.85,2.2,568
2020-04-20T00:00:00.000Z,1.71,8.16,3.81,2.9,4.93,1.364,516
2020-04-21T00:00:00.000Z,1.66,14.15,4.99,3.75,7.3,2.574,383
2020-04-22T00:00:00.000Z,3.61,10.82,7.1,5.12,8.28,1.78,359
2020-04-23T00:00:00.000Z,0.57,20.32,3.56,2.41,5.7,3.216,354
2020-04-24T00:00:00.000Z,0.42,16.79,6.72,2.38,10.09,4.011,548
2020-04-25T00:00:00.000Z,2.04,33.54,10.5,4.41,16.38,8.492,516
2020-04-26T00:00:00.000Z,1.96,54.98,15.75,8.32,28.12,12.789,563
2020-04-27T00:00:00.000Z,1.57,12.58,4.04,3.32,5.4,2.119,536
2020-04-28T00:00:00.000Z,2,23.74,6.88,3.91,13.83,5.534,414
2020-04-29T00:00:00.000Z,2.5,37.06,7.07,4.88,9.52,4.454,522
2020-04-30T00:00:00.000Z,2.27,46.52,6.54,5.43,7.67,3.11,549
2020-05-01T00:00:00.000Z,0.97,12.75,4.68,3.4,5.82,2.021,558
2020-05-02T00:00:00.000Z,1.24,35.9,5.49,3.41,8.35,3.596,544
2020-05-03T00:00:00.000Z,0.65,10.75,3.76,2.69,6.11,2.315,577
2020-05-04T00:00:00.000Z,1.08,13.3,3.02,2.22,4.05,1.706,530
2020-05-05T00:00:00.000Z,0.96,23.85,5.46,3.71,8.84,4.822,500
2020-05-06T00:00:00.000Z,1.71,54.49,8.23,4.01,16.76,12.1,579
2020-05-07T00:00:00.000Z,0.62,14.48,1.72,1.37,2.54,2.63,302
2020-05-10T00:00:00.000Z,1.45,11.52,2.47,2.19,3.82,2.121,82
2020-05-11T00:00:00.000Z,0.92,11.06,3.32,1.9,5.67,2.456,357
2020-05-12T00:00:00.000Z,0.94,22.91,3.12,1.92,5.7,3.9,464
2020-05-13T00:00:00.000Z,2,10.68,4.11,3.18,5.29,1.62,456
2020-05-14T00:00:00.000Z,1,10.85,3.13,2.25,3.93,1.78,460
2020-05-15T00:00:00.000Z,2.71,11.61,4.12,3.4,4.88,1.631,232
2020-05-17T00:00:00.000Z,2.18,5.64,3.66,3.26,4.32,0.693,210
2020-05-18T00:00:00.000Z,1.52,9.86,4.01,3.16,5.25,1.639,463
2020-05-19T00:00:00.000Z,2.06,10.02,3.65,3.14,4.66,1.454,552
2020-05-20T00:00:00.000Z,2.04,18.51,4.45,3.62,5.96,3.372,550
2020-05-21T00:00:00.000Z,2.17,15.42,5.35,3.76,7.17,2.175,519
2020-05-22T00:00:00.000Z,3.38,17.3,6.07,4.78,7.39,2.059,317
2020-05-28T00:00:00.000Z,2.2,20.2,6.24,4.18,7.82,2.837,282
2020-05-29T00:00:00.000Z,2.87,12.7,5.62,4.82,6.65,1.326,554
2020-05-30T00:00:00.000Z,2.4,7.37,3.9,3.42,4.43,0.783,378
2020-05-31T00:00:00.000Z,3.03,21.87,5.15,4.4,7.73,4.581,132
2020-06-01T00:00:00.000Z,1.73,19.98,4.62,3.45,5.93,3.74,491
2020-06-02T00:00:00.000Z,3.28,22.9,6.39,4.95,7.57,2.279,540
2020-06-03T00:00:00.000Z,2.5,18.52,5.4,4.28,9.68,3.333,459
2020-06-04T00:00:00.000Z,2.75,23.35,5.17,4.03,6.79,2.236,536
2020-06-05T00:00:00.000Z,1.33,19.98,3.97,3.21,5.05,2.985,444
2020-06-06T00:00:00.000Z,1.45,11.07,4.55,2.89,6.46,2.144,488
2020-06-07T00:00:00.000Z,2.29,20.8,5.09,4.07,8.52,3.974,546
2020-06-08T00:00:00.000Z,2.22,11.2,4.36,3.59,6.75,2.118,276
2020-06-10T00:00:00.000Z,2.04,16.62,5.68,3.74,7.67,2.528,269
2020-06-11T00:00:00.000Z,1.92,13.62,4.87,4.03,5.85,1.549,566
2020-06-12T00:00:00.000Z,1.6,9.65,4.28,3.58,5.45,1.426,574
2020-06-13T00:00:00.000Z,2.29,17.45,5.27,3.99,6.99,2.429,552
2020-06-14T00:00:00.000Z,0.77,30.1,3.11,2.5,4.24,2.083,346
2020-06-15T00:00:00.000Z,1.14,12.07,4.4,3.5,5.55,1.595,567
2020-06-16T00:00:00.000Z,2.8,20.23,5.43,4.55,7.11,2.748,568
2020-06-17T00:00:00.000Z,2.4,12.85,4.68,3.72,6.37,1.8,543
2020-06-18T00:00:00.000Z,4.22,10.8,5.95,5.4,7.04,1.232,189
2020-06-21T00:00:00.000Z,1.55,10.38,4.04,2.94,5.93,1.784,392
2020-06-22T00:00:00.000Z,1.08,11.45,2.78,2.2,3.9,1.465,551
2020-06-23T00:00:00.000Z,1,7.93,3.1,2.22,3.8,1.19,569
2020-06-24T00:00:00.000Z,1.83,17.23,3.72,3.22,4.53,1.637,590
2020-06-25T00:00:00.000Z,2.45,10.4,4.98,4,5.8,1.481,178
2020-06-29T00:00:00.000Z,2,8.4,3.55,3.1,4.12,1.055,393
2020-06-30T00:00:00.000Z,1.58,22.58,4.18,3,6.25,2.337,470
2020-07-01T00:00:00.000Z,2.6,37.2,6.37,5.32,7.55,2.408,462
2020-07-02T00:00:00.000Z,2.8,20.9,5.07,4.4,5.78,1.902,458
2020-07-03T00:00:00.000Z,3.83,10.35,6.2,5.45,6.99,1.108,472
2020-07-04T00:00:00.000Z,3.5,13.7,6.87,6.03,7.74,1.62,497
2020-07-05T00:00:00.000Z,2.7,11.65,5.43,4.75,7,1.796,475
2020-07-06T00:00:00.000Z,2.22,10.19,4.59,4.2,5.15,0.884,283
2020-07-07T00:00:00.000Z,2.27,71.45,4.07,3.5,4.9,3.847,414
2020-07-08T00:00:00.000Z,3.15,9.43,5.25,4.72,5.87,1.081,294
2020-08-02T00:00:00.000Z,2.3,5.62,3.5,3.03,4.3,0.769,76
2020-08-03T00:00:00.000Z,1.2,9,2.8,2.2,3.89,1.382,364
2020-08-04T00:00:00.000Z,1.8,16.7,3.42,2.72,4.12,1.257,403
2020-08-05T00:00:00.000Z,1.25,7.97,3.45,2.47,4.15,1.085,423
2020-08-06T00:00:00.000Z,1.23,8.19,2.5,1.91,3.9,1.301,336
2020-08-07T00:00:00.000Z,1.25,8.38,3.28,2.65,3.95,1.073,430
2020-08-08T00:00:00.000Z,2.02,24.08,3.84,3.25,4.59,4.411,370
2020-08-09T00:00:00.000Z,2.2,46,4.2,3.37,8.56,4.885,436
2020-08-10T00:00:00.000Z,2.6,9.52,4.84,3.97,5.5,1.101,419
2020-08-11T00:00:00.000Z,2,10.1,5,3.8,5.89,1.412,440
2020-08-12T00:00:00.000Z,1.58,15.32,3.78,3.17,4.45,1.146,461
2020-08-13T00:00:00.000Z,1.55,9.02,3.37,2.7,4.37,1.246,460
2020-08-14T00:00:00.000Z,2.5,8.32,4.37,3.76,5.15,0.991,397
2020-08-15T00:00:00.000Z,1.52,7.22,3.37,2.7,4.75,1.232,475
2020-08-16T00:00:00.000Z,1.75,11.95,3.49,2.84,4.55,1.369,484
2020-08-17T00:00:00.000Z,2.2,12.6,4.22,3.4,5.93,1.952,463
2020-08-18T00:00:00.000Z,1.58,10.45,6.22,4.18,6.95,1.818,439
2020-08-19T00:00:00.000Z,2.67,18.64,6.55,5.78,7.32,1.757,442
2020-08-20T00:00:00.000Z,3.2,19.85,6.35,5.4,7.73,2.753,460
2020-08-21T00:00:00.000Z,3.92,12.85,6.1,5.25,7.03,1.622,434
2020-08-22T00:00:00.000Z,0.85,17.95,3.85,3.14,4.84,2.045,420
2020-08-23T00:00:00.000Z,0.37,11.3,2.08,1.3,3.25,1.573,415
2020-08-24T00:00:00.000Z,0.5,5.18,2,1.42,2.54,0.866,347
2020-08-25T00:00:00.000Z,1,17.73,3.3,2.65,4.09,2.462,385
2020-08-26T00:00:00.000Z,2.25,20.17,3.78,3.2,4.94,2.976,389
2020-08-27T00:00:00.000Z,2.25,11.82,4.37,3.7,5.15,1.454,453
2020-08-28T00:00:00.000Z,3.15,34.67,6.05,4.79,7.05,3.156,393
2020-08-29T00:00:00.000Z,2.22,12.68,5.72,4.95,6.59,1.586,413
2020-08-30T00:00:00.000Z,4.15,23.42,6.37,5.62,7.45,2.21,385
2020-08-31T00:00:00.000Z,3.95,12.57,6.6,6,7.85,1.275,206
2020-09-06T00:00:00.000Z,4.82,20.7,8.05,6.47,12.7,3.855,366
2020-09-07T00:00:00.000Z,4.68,16.05,8.82,6.65,10.78,2.702,437
2020-09-08T00:00:00.000Z,4.72,13.13,7.2,6.4,8.28,1.319,384
2020-09-09T00:00:00.000Z,1.98,15.55,7.85,6.03,9.05,2.378,404
2020-09-10T00:00:00.000Z,3.12,11.9,7.07,5.7,8.15,1.743,346
2020-09-11T00:00:00.000Z,3.08,42.42,9.75,8.5,11.52,5.033,313
2020-09-12T00:00:00.000Z,2.58,20.3,5.65,4.62,7.57,2.637,299
2020-09-13T00:00:00.000Z,3.37,52.67,6.35,5.25,7.43,4.489,358
2020-09-14T00:00:00.000Z,2.04,21.62,6.84,5.8,8,2.045,286
2020-09-15T00:00:00.000Z,5.47,20.52,8.32,7.12,10.43,2.501,251
2020-09-16T00:00:00.000Z,4.07,8.07,5.31,4.82,5.75,0.698,38
2020-09-17T00:00:00.000Z,5.22,16.27,6.8,6.32,8,2.291,151
2020-09-18T00:00:00.000Z,3.15,112.28,7.34,5.87,8.44,9.44,326
2020-09-19T00:00:00.000Z,2.02,42.46,6.03,4.59,7.61,3.195,313
2020-09-20T00:00:00.000Z,1.75,63.28,4.9,3.87,5.91,5.096,233
2020-09-21T00:00:00.000Z,4.18,53,6.4,5.62,7.7,4.269,223
2020-09-22T00:00:00.000Z,3.4,17.48,8.18,6.45,9.75,2.371,339
2020-09-23T00:00:00.000Z,3.97,30.8,9.32,7.53,15,5.571,451
2020-09-24T00:00:00.000Z,3.42,36.35,9.07,7.49,16.57,5.616,457
2020-09-25T00:00:00.000Z,4.22,26.3,8.13,6.57,8.98,3.119,354
2020-09-26T00:00:00.000Z,4.62,48.28,7.97,6.85,9.93,4.319,194
2020-10-03T00:00:00.000Z,3.1,17.75,5.31,3.61,8.89,4.216,88
2020-10-04T00:00:00.000Z,2.78,13.4,6.43,5.78,7.2,1.324,315
2020-10-05T00:00:00.000Z,1.2,16.17,6.47,4.32,7.8,2.306,319
2020-10-06T00:00:00.000Z,0.7,6.43,2.5,1.7,3.58,1.225,343
2020-10-07T00:00:00.000Z,1.6,12,3.22,2.58,7.22,2.815,335
2020-10-08T00:00:00.000Z,4.12,23.7,8.98,5.8,12.29,3.926,316
2020-10-09T00:00:00.000Z,6.37,27.1,14.2,8.3,17.77,4.897,323
2020-10-10T00:00:00.000Z,6.53,15.85,10.52,9.27,12.55,2.247,195
2020-10-12T00:00:00.000Z,9.85,31.37,12.56,10.95,19.7,5.443,102
2020-10-13T00:00:00.000Z,5.82,40.11,11.85,9.89,14.72,4.859,396
2020-10-14T00:00:00.000Z,5.45,34.03,11.48,8.8,15.85,5.363,387
2020-10-15T00:00:00.000Z,7.53,31.65,12.63,10.88,15.68,4.424,399
2020-10-16T00:00:00.000Z,7.12,39.65,11.55,9.26,14.02,5.111,421
2020-10-17T00:00:00.000Z,6.53,34.58,10.93,8.5,17.89,6.354,406
2020-10-18T00:00:00.000Z,6.3,37.72,10.15,8.44,13.68,4.911,430
2020-10-19T00:00:00.000Z,5.63,34,11.51,9.89,14.06,5.444,424
2020-10-20T00:00:00.000Z,6.4,43.88,12.65,11,17.52,7.793,445
2020-10-21T00:00:00.000Z,2.29,24.5,7.15,5.63,8.23,3.016,426
2020-10-22T00:00:00.000Z,6.35,27.2,9.86,8.07,14.93,4.872,394
2020-10-23T00:00:00.000Z,4.9,37.58,9.39,7.55,14.07,6.391,408
2020-10-24T00:00:00.000Z,5.88,50.67,10.74,8.97,15.31,8.172,420
2020-10-25T00:00:00.000Z,7.03,44,11.55,9.77,17.1,7.182,467
2020-10-26T00:00:00.000Z,6.9,32.79,12.48,9.98,16.6,5.243,467
2020-10-27T00:00:00.000Z,7.72,59.08,14.18,11.1,17.69,6.629,445
2020-10-28T00:00:00.000Z,10.65,56.65,19.17,14.42,29.95,10.862,464
2020-10-29T00:00:00.000Z,15.35,52.75,24.13,20.14,29.33,8.103,463
2020-10-30T00:00:00.000Z,13.8,52.38,23.58,20.02,30.2,7.198,475
2020-10-31T00:00:00.000Z,9.93,55.6,21.83,17.1,27.92,9.724,487
2020-11-01T00:00:00.000Z,12.3,54.75,20.13,16.25,22.95,9.186,483
2020-11-02T00:00:00.000Z,14.13,87.9,38.92,24.3,50.28,17.648,441
2020-11-03T00:00:00.000Z,7.93,48.55,20.73,14.09,35.13,11.607,457
2020-11-04T00:00:00.000Z,10.98,73.45,23.9,18.73,30.71,8.003,348
2020-11-05T00:00:00.000Z,2.95,34.95,14.4,9.41,19.02,7.536,328
2020-11-06T00:00:00.000Z,2.29,41.65,14.41,7.78,22.33,8.657,326
2020-11-07T00:00:00.000Z,1.14,14.45,4.53,2.93,7.1,2.953,388
2020-11-08T00:00:00.000Z,0.7,26.27,3.2,2.02,8,5.724,351
2020-11-09T00:00:00.000Z,1.48,34.33,9,4.33,24.45,10.081,285
2020-11-10T00:00:00.000Z,10.75,134.68,20.03,14.32,30.34,12.155,332
2020-11-11T00:00:00.000Z,2.4,24.9,12.45,7.67,18.14,6.029,337
2020-11-12T00:00:00.000Z,5.47,47.92,11.38,7.57,17.89,9.213,284
2020-11-13T00:00:00.000Z,8.02,49.8,17.27,11.09,26.24,9.153,313
2020-11-14T00:00:00.000Z,8.85,69.2,16.54,13.15,25.4,11.866,338
2020-11-15T00:00:00.000Z,12.57,91.93,30.81,19.96,45.35,18.11,240
2020-11-16T00:00:00.000Z,30.25,96.35,42.86,35.29,75.66,20.814,256
2020-11-17T00:00:00.000Z,39.17,96.4,63.5,51.95,73.5,13.566,119
2020-11-18T00:00:00.000Z,24.88,69.65,40.29,30.92,56.15,13.812,98
2020-11-19T00:00:00.000Z,9.69,69.56,20.3,16.2,24.63,8.527,370
2020-11-20T00:00:00.000Z,8,76.06,18.42,13.33,48.11,18.982,368
2020-11-21T00:00:00.000Z,13.55,83.9,55.09,35.29,64.97,16.292,310
2020-11-22T00:00:00.000Z,4.03,46.83,20.42,13.39,28.6,9.651,308
2020-11-23T00:00:00.000Z,1.02,30.1,13.85,3.85,16.73,7.613,278
2020-11-24T00:00:00.000Z,4.5,59.72,12.21,9.09,29.67,14.534,268
2020-11-25T00:00:00.000Z,9.35,77.68,30.04,23.17,58.78,20.066,298
2020-11-26T00:00:00.000Z,8.05,76.28,26.31,21.5,37.04,12.605,282
2020-11-27T00:00:00.000Z,6.55,51.7,15.56,11.93,24.63,11.039,270
2020-11-28T00:00:00.000Z,6.22,86.4,23.4,15.56,63.23,25.897,280
2020-11-29T00:00:00.000Z,25.63,87.8,53.72,35.19,71.54,18.647,281
2020-11-30T00:00:00.000Z,47.6,88.9,67.61,62.8,74.8,8.519,258
2020-12-01T00:00:00.000Z,37.47,71.4,53.47,49.1,61.88,7.585,103
2020-12-05T00:00:00.000Z,18.85,37.17,31.73,27.3,34.22,5.371,35
2020-12-06T00:00:00.000Z,7.88,61.25,40.74,29.41,44.23,9.758,332
2020-12-07T00:00:00.000Z,5.05,50.4,13.72,7.99,25.89,10.918,292
2020-12-08T00:00:00.000Z,8.63,64.13,28.4,21,45.15,14.105,282
2020-12-09T00:00:00.000Z,25.85,88.82,36.75,32.42,53.74,15.515,220
2020-12-10T00:00:00.000Z,38.85,76.03,54.69,49.4,63.98,8.74,200
2020-12-11T00:00:00.000Z,31.92,93.1,50.96,43.45,62.35,14.08,298
2020-12-12T00:00:00.000Z,32.53,106.43,58.56,51.67,80.55,18.032,306
2020-12-13T00:00:00.000Z,57.6,143.15,79.44,72.69,100.01,18.902,300
2020-12-14T00:00:00.000Z,99.55,165.15,133.6,122.57,143.77,13.471,286
2020-12-15T00:00:00.000Z,120.9,183.68,141.59,132.27,164.73,16.967,306
2020-12-16T00:00:00.000Z,88.55,187.1,144.85,115.75,157.02,22.347,307
2020-12-17T00:00:00.000Z,5.38,148.65,90.79,14.88,113.22,48.411,274
2020-12-18T00:00:00.000Z,3.83,19.7,10.6,7.88,13.26,3.528,209
2020-12-19T00:00:00.000Z,9.57,62.33,19.75,14.6,33.99,15.838,289
2020-12-20T00:00:00.000Z,13.9,90.13,51.4,30.7,65.8,21.487,287
2020-12-21T00:00:00.000Z,21.1,109.8,53.67,32.58,74.55,24.393,299
2020-12-22T00:00:00.000Z,47.03,124.93,100.07,72.13,108.59,20.86,285
2020-12-23T00:00:00.000Z,4.3,123.43,59.69,41.77,73.66,26.668,304
2020-12-24T00:00:00.000Z,0.4,44.65,11.1,5.67,27.61,12.072,281
2020-12-25T00:00:00.000Z,7.2,43.38,16.88,13.2,23.1,9.321,295
2020-12-26T00:00:00.000Z,6.63,83.6,47,9.88,76.95,30.343,102
2020-12-27T00:00:00.000Z,31.15,140.94,94,57.78,109.13,30.201,299
2020-12-28T00:00:00.000Z,43.3,150.68,108.18,78.66,125.81,29.255,296
2020-12-29T00:00:00.000Z,67.7,212.65,125.18,101.2,150.87,35.14,289
2020-12-30T00:00:00.000Z,54.83,206.75,131.65,110.38,143.41,32.944,292
2020-12-31T00:00:00.000Z,71.81,228.45,132.52,113,169.99,37.36,305
2021-01-01T00:00:00.000Z,60.85,192.73,129.4,100.22,151.65,34.222,221
2021-01-02T00:00:00.000Z,69.63,193.9,157.6,130.63,176.08,37.639,261
2021-01-03T00:00:00.000Z,131.97,230.1,168.57,148.71,197.43,27.151,244
2021-01-04T00:00:00.000Z,85,168,124,109.81,138.29,18.312,233
2021-01-05T00:00:00.000Z,52.63,84.82,67.65,61.79,71.31,7.49,125
2021-01-06T00:00:00.000Z,34.92,78.84,59.72,47.72,68.06,11.13,235
2021-01-07T00:00:00.000Z,47.88,81.45,64.63,53.85,72.29,9.696,264
2021-01-08T00:00:00.000Z,57.5,86.7,71.63,62.75,75.9,7.257,287
2021-01-09T00:00:00.000Z,63.05,102.85,84.47,71.55,93.45,11.112,258
2021-01-10T00:00:00.000Z,61.6,110.82,88.74,71.65,95.8,13.956,278
2021-01-11T00:00:00.000Z,82.88,120.07,93.4,88.89,99.8,9.034,121
2021-01-12T00:00:00.000Z,180.25,194.13,189.85,184.63,193.12,4.758,5
2021-01-13T00:00:00.000Z,150.8,301.5,250.9,233.23,270.48,39.348,227
2021-01-14T00:00:00.000Z,3.9,312.64,266.73,100.43,280.83,103.546,249
2021-01-15T00:00:00.000Z,2,70.95,12.78,5.03,22.04,14.573,280
2021-01-16T00:00:00.000Z,1.98,48.42,15.55,5.85,27.8,12.762,143
2021-01-17T00:00:00.000Z,5.5,55.6,25.77,10.68,32.67,13.493,251
2021-01-18T00:00:00.000Z,1.5,28.8,9.02,4,16.02,7.349,235
2021-01-19T00:00:00.000Z,0.7,22.98,7.55,1.6,10.7,5.639,158
2021-01-20T00:00:00.000Z,7.32,60.55,17.95,12.31,23.37,12.27,265
2021-01-21T00:00:00.000Z,4.68,52.15,18.38,12.02,28.92,10.598,247
2021-01-22T00:00:00.000Z,7.57,66.97,35.56,19.55,40.19,13.763,260
2021-01-23T00:00:00.000Z,20.27,117.9,69.56,48.57,80.34,28.017,260
2021-01-24T00:00:00.000Z,32.9,156.05,88.55,47.03,130.4,39.715,186
2021-01-25T00:00:00.000Z,71.63,175.27,112.32,91.85,134.38,24.182,243
2021-01-26T00:00:00.000Z,84.75,226.27,163.35,123.88,179.8,35.332,265
2021-01-27T00:00:00.000Z,153.88,286.33,225.2,183.58,234.63,34.041,141
2021-01-28T00:00:00.000Z,178.07,307.67,229.14,215.81,239.03,28.601,272
2021-01-29T00:00:00.000Z,50.95,260.73,207.07,193.44,220.75,37.68,189
2021-01-30T00:00:00.000Z,13.82,178.57,92.24,34.47,137.02,51.386,246
2021-01-31T00:00:00.000Z,8.19,107.18,20.48,17.27,57.27,27.178,181
2021-02-01T00:00:00.000Z,18.42,120.13,56.55,28.15,90.44,30.146,180
2021-02-02T00:00:00.000Z,11.52,100.63,50.92,28.74,63.41,21.842,241
2021-02-03T00:00:00.000Z,29.25,110.28,68.16,54.17,77.64,21.077,144
2021-02-04T00:00:00.000Z,37.45,131.18,90.44,61.51,99.92,24.456,260
2021-02-05T00:00:00.000Z,31.98,145.85,116.38,107.26,124.59,32.052,192
2021-02-06T00:00:00.000Z,7.88,61.45,26.6,18.57,34.08,9.815,235
2021-02-07T00:00:00.000Z,8.65,81.78,38.44,14.27,51.65,21.242,242
2021-02-08T00:00:00.000Z,9.52,72.65,29.17,11.83,42.65,18.208,169
2021-02-09T00:00:00.000Z,13.05,58.42,29.52,24.25,32.97,7.594,201
2021-02-10T00:00:00.000Z,11.23,45.05,22.02,19.35,29.81,6.963,241
2021-02-11T00:00:00.000Z,9.6,44.78,19.82,14,28.15,8.839,229
2021-02-12T00:00:00.000Z,15.5,55.7,27.42,20.63,36.2,9.164,262
2021-02-13T00:00:00.000Z,9,35.08,16.73,14.35,20.98,5.268,255
2021-02-14T00:00:00.000Z,13.18,85.18,19.96,16.26,30.75,13.351,240
2021-02-15T00:00:00.000Z,4,43.72,16.26,10.5,21.65,8.251,246
2021-02-16T00:00:00.000Z,2.52,44.35,6.81,5.3,16.14,8.777,232
2021-02-17T00:00:00.000Z,2.6,5.28,3.66,3.05,4.15,0.653,46
2021-02-18T00:00:00.000Z,0.6,25.35,4.32,3.35,6.56,5.181,129
2021-02-19T00:00:00.000Z,2.4,19.88,8.1,5.3,9.72,3.264,225
2021-02-20T00:00:00.000Z,6,35.42,11.13,9.11,14.82,5.522,189
2021-02-21T00:00:00.000Z,11.4,20.95,13.93,12.8,15.95,2.088,71
2021-02-22T00:00:00.000Z,7.78,40.15,14.64,10.81,20.99,6.583,212
2021-02-23T00:00:00.000Z,1.3,19.07,11.48,9.28,13.04,3.518,232
2021-02-24T00:00:00.000Z,1.42,13.15,4.84,3.35,6.71,2.13,236
2021-02-25T00:00:00.000Z,1.14,22.1,9.38,7.35,11.8,3.943,235
2021-02-26T00:00:00.000Z,4.47,33.29,13.77,9.75,18.69,5.837,225
2021-02-27T00:00:00.000Z,11.85,48.8,18.75,15.22,25.07,8.394,253
2021-02-28T00:00:00.000Z,11.82,34.47,16.3,14.51,22.62,5.884,100
2021-03-01T00:00:00.000Z,3.3,31.17,9.94,7.7,12.42,5.178,92
2021-03-03T00:00:00.000Z,6.8,33.65,16.45,12,21.83,5.972,215
2021-03-04T00:00:00.000Z,3.38,27.6,8.85,6.09,15.86,6.164,233
2021-03-05T00:00:00.000Z,8.73,39.04,17.1,14.74,21.26,5.372,252
2021-03-06T00:00:00.000Z,7.75,64.81,16.17,11,21.2,9.088,238
2021-03-07T00:00:00.000Z,7.25,18.6,11.45,10.05,13.9,2.726,118
2021-03-08T00:00:00.000Z,3.63,34.5,11.76,8.66,20.42,6.32,208
2021-03-09T00:00:00.000Z,3.5,12.9,8.43,6.48,9.91,1.932,129
2021-03-10T00:00:00.000Z,7.35,21.48,15.23,9.05,18.73,4.583,47
2021-03-11T00:00:00.000Z,5.03,60.03,12.34,8.75,21.54,13.981,236
2021-03-12T00:00:00.000Z,0.3,15.45,1.65,1.04,4.47,3.832,244
2021-03-13T00:00:00.000Z,1.4,14.6,5.54,3.17,7.18,2.791,190
2021-03-14T00:00:00.000Z,12,40.42,17.3,15.32,25.29,7.645,213
2021-03-15T00:00:00.000Z,9.1,46.53,28.9,18.98,33.44,9.533,225
2021-03-16T00:00:00.000Z,9.55,82.78,30.27,22.05,35.53,15.405,229
2021-03-17T00:00:00.000Z,4.25,60.63,10.26,8.85,12.32,6.363,250
2021-03-18T00:00:00.000Z,0.2,12.5,2.95,2.1,5.2,2.254,238
2021-03-19T00:00:00.000Z,2.2,23.95,7.44,4.28,11.27,5.202,230
2021-03-20T00:00:00.000Z,2.13,26.83,8.18,6.2,12.59,5.139,220
2021-03-21T00:00:00.000Z,3.47,18.57,10.82,8.9,13.7,3.321,210
2021-03-22T00:00:00.000Z,0.7,21.83,6.28,1.73,7.75,4.902,223
2021-03-23T00:00:00.000Z,1.2,22.85,7.68,5.81,10.05,3.894,297
2021-03-24T00:00:00.000Z,0.55,8.15,1.75,1.01,4.05,2.135,176
2021-03-25T00:00:00.000Z,0.4,7,1.95,1.42,2.72,1.041,210
2021-03-26T00:00:00.000Z,1.23,17,4.09,2.25,6.13,3.922,179
2021-03-27T00:00:00.000Z,1.5,37.53,9.6,4.05,13.55,7.733,153
2021-03-28T00:00:00.000Z,2.97,23.95,8.76,6.23,11.35,4.715,96
2021-03-29T00:00:00.000Z,5.13,29.42,9.38,7.35,11.77,3.923,195
2021-03-30T00:00:00.000Z,4.32,17.64,9.9,7.75,11.9,2.842,214
2021-03-31T00:00:00.000Z,7.47,30.58,13.98,9.74,16.64,3.821,193
2021-04-01T00:00:00.000Z,5.97,48.58,16.92,13.4,20.9,8.566,178
2021-04-02T00:00:00.000Z,1.73,9.18,3.88,2.95,5.57,1.793,203
2021-04-03T00:00:00.000Z,1.6,15.2,5.72,3.97,7.67,2.844,208
2021-04-04T00:00:00.000Z,4.25,32.08,8.07,6.3,13.7,5.869,195
2021-04-05T00:00:00.000Z,5.65,15.25,8.4,7.68,9.18,1.452,138
2021-04-06T00:00:00.000Z,6.6,46.88,9.76,8.57,14.65,7.086,234
2021-04-07T00:00:00.000Z,6.88,35.33,9.61,8.6,11.51,3.613,160
2021-04-08T00:00:00.000Z,6.3,23.1,10.31,8.93,13.2,3.545,186
2021-04-09T00:00:00.000Z,6.85,15.35,9.44,8.43,10.32,1.485,182
2021-04-10T00:00:00.000Z,2.29,20.52,6.68,5.82,7.53,2.29,167
2021-04-11T00:00:00.000Z,2.83,15.65,6.85,5.63,8.69,2.933,103
2021-04-12T00:00:00.000Z,1.9,11.13,6.5,4.07,7.52,2.203,77
2021-04-13T00:00:00.000Z,1.67,22.15,4.29,3,6.68,3.747,118
2021-04-14T00:00:00.000Z,2.02,603.88,4.51,3.12,6.05,57.751,128
2021-04-15T00:00:00.000Z,2.27,22.58,4.5,3.69,6.29,3.052,93
2021-04-16T00:00:00.000Z,3.7,20.25,5.78,4.82,7.25,2.735,133
2021-04-17T00:00:00.000Z,3.72,32.53,6.54,5.56,9.34,4.8,144
2021-04-18T00:00:00.000Z,4.82,24.42,8.61,7.28,13.21,4.915,132
2021-04-19T00:00:00.000Z,4.75,22.65,8.63,6.6,12.35,3.875,127
2021-04-20T00:00:00.000Z,3.4,19.64,9.05,7.95,10.27,2.867,123
2021-04-21T00:00:00.000Z,3.6,7.72,5.57,4.5,6.75,1.248,59
2021-05-02T00:00:00.000Z,1.58,6.8,2.88,2.6,3.29,0.872,49
2021-05-03T00:00:00.000Z,1.75,16.57,3.69,2.79,4.84,3.502,124
2021-05-04T00:00:00.000Z,1,7.15,4.4,3.53,5.12,1.222,121
2021-05-05T00:00:00.000Z,0.1,6.72,1.5,0.9,2.5,1.487,123
2021-05-06T00:00:00.000Z,1.58,9.02,4.2,3.26,5.05,1.654,112
2021-05-07T00:00:00.000Z,2.38,21.73,6.07,3.61,12.04,4.655,121
2021-05-08T00:00:00.000Z,1.42,17.92,3.54,2.92,6,2.737,122
2021-05-09T00:00:00.000Z,0.7,8.05,2.6,2.13,3.32,1.187,140
2021-05-10T00:00:00.000Z,0.28,7,3.1,2.04,4.47,1.631,130
2021-05-11T00:00:00.000Z,1.1,19.14,4.53,3.38,7.78,4.189,121
2021-05-12T00:00:00.000Z,1.85,8.93,5.4,4.59,6.35,1.476,115
2021-05-13T00:00:00.000Z,3.03,42.92,5.34,4.48,6.88,3.777,144
2021-05-14T00:00:00.000Z,3.2,13.5,4.8,4.21,5.46,1.746,128
2021-05-15T00:00:00.000Z,2.4,8.43,4.94,3.84,5.94,1.435,144
2021-05-16T00:00:00.000Z,2.83,5.5,3.57,3.32,4.09,0.617,60
2021-05-18T00:00:00.000Z,1.6,15.82,3.84,2.58,6.03,3.39,100
2021-05-19T00:00:00.000Z,2.02,33.03,4.3,3.63,8.13,4.298,146
2021-05-20T00:00:00.000Z,2.2,14.25,6.15,4.95,7.32,2.468,151
2021-05-21T00:00:00.000Z,2.25,17.67,4.97,4.48,6,1.812,112
2021-05-22T00:00:00.000Z,2.7,276.7,5.45,3.97,7.36,24.807,124
2021-05-23T00:00:00.000Z,4.55,178.32,7.32,6.37,8.76,25.68,84
2021-05-24T00:00:00.000Z,2.15,16.39,5.82,4.68,6.74,2.538,129
2021-05-25T00:00:00.000Z,1.35,18.82,4.57,3.38,8.03,3.113,164
2021-05-26T00:00:00.000Z,1.12,7.65,3.71,3.1,4.53,1.118,154
2021-05-27T00:00:00.000Z,1.85,12.55,4.4,3.38,5.63,2.555,147
2021-05-28T00:00:00.000Z,2.72,14.77,5.05,4.32,5.93,2.021,151
2021-05-29T00:00:00.000Z,3.2,24.55,6.63,4.68,8.5,4.219,132
2021-05-30T00:00:00.000Z,3.08,22.65,5.97,4.38,9.23,3.257,171
2021-05-31T00:00:00.000Z,3.35,18.2,5.64,4.97,8.02,3.586,128
2021-06-01T00:00:00.000Z,2.97,10.07,5.93,5.04,6.56,1.262,168
2021-06-02T00:00:00.000Z,1.33,8.5,4.03,3.53,4.55,1.104,132
2021-06-03T00:00:00.000Z,1.5,12.18,4.3,2.54,6.55,2.553,141
2021-06-04T00:00:00.000Z,1.42,18.55,4.15,2.92,5.88,3.787,146
2021-06-05T00:00:00.000Z,1.95,31.2,4.69,4,5.37,2.638,152
2021-06-06T00:00:00.000Z,1.1,15.05,4.48,3.5,5.32,1.823,182
2021-06-07T00:00:00.000Z,1.05,12.75,2.75,2.37,3.3,1.778,316
2021-06-08T00:00:00.000Z,1.73,14.48,3.53,2.85,4.4,1.556,231
2021-06-09T00:00:00.000Z,1.9,19.92,4.34,3.42,5.57,2.413,254
2021-06-10T00:00:00.000Z,1.35,80.55,3.1,2.17,4.28,6.997,175
2021-06-11T00:00:00.000Z,2.52,13.2,5.59,4.28,7.5,2.037,182
2021-06-12T00:00:00.000Z,3.45,20.14,6.7,5.64,9.14,2.969,161
2021-06-13T00:00:00.000Z,2.35,30.9,6.68,4.9,8.44,3.46,158
2021-06-14T00:00:00.000Z,2.5,36.45,5.28,3.85,7.65,3.656,187
2021-06-15T00:00:00.000Z,3.83,15.27,6.4,5.38,8.43,2.093,190
2021-06-16T00:00:00.000Z,2.65,14.15,6.95,5.4,8.73,2.248,167
2021-06-17T00:00:00.000Z,5.45,15.48,8.34,6.72,11.63,2.586,146
2021-06-18T00:00:00.000Z,4.03,13.57,6.8,6.1,7.82,1.405,223
2021-06-19T00:00:00.000Z,2.78,15.98,5.93,5.2,7.78,2.311,267
2021-06-20T00:00:00.000Z,4.03,10.95,6.22,5.6,7.68,1.337,303
2021-06-21T00:00:00.000Z,4.82,12.3,7.06,6.31,8.36,1.47,220
2021-06-22T00:00:00.000Z,5.35,17.7,8.41,7.25,9.69,1.995,182
2021-06-23T00:00:00.000Z,3.22,12.57,7.3,6.55,8.25,1.641,286
2021-06-24T00:00:00.000Z,3.75,14.1,8.23,7.03,9.18,1.888,259
2021-06-25T00:00:00.000Z,3.4,28.63,8.64,7.53,9.77,2.37,294
2021-06-26T00:00:00.000Z,4.38,16.39,8.72,6.53,11.34,2.88,308
2021-06-27T00:00:00.000Z,4.55,74.63,7.44,6.07,20.5,16.018,302
2021-06-28T00:00:00.000Z,2.75,20.2,6.72,5.05,9.02,3.195,286
2021-06-29T00:00:00.000Z,4,19.48,7.18,5.8,9.75,3.172,312
2021-06-30T00:00:00.000Z,4.8,87.53,9,7.1,10.32,6.172,290
2021-07-01T00:00:00.000Z,3.67,16.07,7.56,6.3,8.77,1.914,258
2021-07-02T00:00:00.000Z,1.8,11.02,5.9,4.09,7.8,2.222,243
2021-07-03T00:00:00.000Z,3.05,21.17,7.2,5.14,8.32,2.617,192
2021-07-04T00:00:00.000Z,2.78,20.14,6.8,5.53,8.02,2.295,315
2021-07-05T00:00:00.000Z,2.58,14.77,5.55,4.5,7.28,2.442,259
2021-07-06T00:00:00.000Z,2.67,80.5,7.42,5.4,9.9,6.608,296
2021-07-07T00:00:00.000Z,3.4,10.3,6.35,5,8,1.77,182
2021-07-08T00:00:00.000Z,2.6,11.32,4.43,3.6,5.3,1.247,277
2021-07-09T00:00:00.000Z,2.75,13.82,4.7,4.07,5.88,1.525,319
2021-07-10T00:00:00.000Z,1.77,21.9,6.25,4.98,12.14,4.178,320
2021-07-11T00:00:00.000Z,4.45,22.42,11.32,8.93,13.7,3.17,348
2021-07-12T00:00:00.000Z,5.65,30.7,14.08,10.77,15.43,3.638,260
2021-07-13T00:00:00.000Z,6.1,39.28,11.4,9.9,12.9,3.356,187
2021-07-14T00:00:00.000Z,3.03,20.98,8.13,6.2,12.35,4.306,250
2021-07-15T00:00:00.000Z,4.9,44.92,12.19,9.98,15.75,5.243,304
2021-07-16T00:00:00.000Z,5.85,26.05,8.43,7.38,10.35,4.051,265
2021-07-17T00:00:00.000Z,2.29,24.83,7.53,6.43,9.05,3.072,319
2021-07-18T00:00:00.000Z,2.63,41.75,8.1,5.69,10.16,7.073,277
2021-07-19T00:00:00.000Z,4.63,36.65,11.79,8.91,25.98,9.038,168
2021-07-20T00:00:00.000Z,5.3,19.73,11.3,9.05,14.4,3.763,143
2021-08-16T00:00:00.000Z,14.68,41.4,33.35,24.35,35.65,7.771,331
2021-08-17T00:00:00.000Z,17.35,36.75,26.69,24.8,29.02,3.785,534
2021-08-18T00:00:00.000Z,13.2,31.42,19.05,17.8,20.75,2.546,453
2021-08-19T00:00:00.000Z,11.48,23.4,15.75,14.68,17.26,1.959,549
2021-08-20T00:00:00.000Z,10.18,19.32,14.35,12.57,15.95,2.049,518
2021-08-21T00:00:00.000Z,6.57,21.65,10.73,9.05,13.57,2.615,542
2021-08-22T00:00:00.000Z,4.43,21.65,8.49,6.9,9.81,2.396,508
2021-08-23T00:00:00.000Z,5.03,13.95,8.1,7.4,9.02,1.34,547
2021-08-24T00:00:00.000Z,6.43,12.38,9.15,8.35,9.82,1.087,219
2021-08-25T00:00:00.000Z,7.38,16.77,10.74,9.63,12.07,1.653,526
2021-08-26T00:00:00.000Z,6.9,24.45,9.86,9.05,11.15,2.267,382
2021-08-27T00:00:00.000Z,5.88,24.8,9.23,8.65,9.94,1.498,423
2021-08-28T00:00:00.000Z,6.3,17,9.5,7.93,10.29,1.69,368
2021-08-29T00:00:00.000Z,4.9,20.52,8.49,7.7,9.35,1.73,394
2021-08-30T00:00:00.000Z,5,41.17,8.25,7.15,10.31,3.768,529
2021-08-31T00:00:00.000Z,5.4,44.28,9.84,8,12.16,5.291,532
2021-09-01T00:00:00.000Z,3.28,51.6,8.68,6.8,10.88,4.718,518
2021-09-02T00:00:00.000Z,1.35,22.38,6.7,5.9,7.72,2.424,519
2021-09-03T00:00:00.000Z,0.9,20.7,2.85,2.1,3.71,1.632,533
2021-09-04T00:00:00.000Z,0.77,16.14,3.55,2.35,4.78,2.109,539
2021-09-05T00:00:00.000Z,2.7,28.25,4.82,3.94,7.11,3.394,460
2021-09-06T00:00:00.000Z,3.85,13.32,6.25,5.5,7.35,1.491,475
2021-09-07T00:00:00.000Z,2.83,21.73,6.65,5.01,7.89,3.251,453
2021-09-08T00:00:00.000Z,3.4,26.17,6.32,5.4,8.25,2.373,579
2021-09-09T00:00:00.000Z,2.63,15.5,5.18,4.28,6.4,2.097,496
2021-09-10T00:00:00.000Z,2.08,79.06,5.72,4.4,12.77,7.308,558
2021-09-11T00:00:00.000Z,4.3,38.08,8.44,6.77,10.03,3.368,565
2021-09-12T00:00:00.000Z,3.8,17.7,8,6.4,9.35,2.158,571
2021-09-13T00:00:00.000Z,3.88,20.3,7.4,6.35,8.9,2.605,562
2021-09-14T00:00:00.000Z,3.35,39.15,7.44,6.15,9.34,4.435,580
2021-09-15T00:00:00.000Z,4.2,32.79,7.97,6.38,10.24,4.514,564
2021-09-16T00:00:00.000Z,3.55,50.63,8.65,7,11.43,6.238,554
2021-09-17T00:00:00.000Z,1.83,17.63,5.6,4.38,7.35,2.099,566
2021-09-18T00:00:00.000Z,1.7,34.42,6.23,3.85,10.68,5.849,562
2021-09-19T00:00:00.000Z,3.75,32.2,10,7.45,12.5,4.823,570
2021-09-20T00:00:00.000Z,3.2,30.5,7.68,5.92,9.15,2.522,557
2021-09-21T00:00:00.000Z,2.7,40.13,6.19,4.7,7.75,5.164,568
2021-09-22T00:00:00.000Z,1.4,26.02,6.57,5.07,8.13,3.466,566
2021-09-23T00:00:00.000Z,1.4,24,7.32,6.05,8.35,2.409,577
2021-09-24T00:00:00.000Z,1.14,18.73,6.2,3.76,8.3,3.207,560
2021-09-25T00:00:00.000Z,0.3,17.6,4.5,2.78,9.4,4.272,562
2021-09-26T00:00:00.000Z,0.2,38.78,2.04,0.9,6.04,6.85,552
2021-09-27T00:00:00.000Z,2.17,54.15,4.97,4.05,8.27,5.678,470
2021-09-28T00:00:00.000Z,1.63,19.8,4.17,2.75,6.84,3.062,556
2021-09-29T00:00:00.000Z,1.5,34.7,4.43,3.2,5.8,3.537,509
2021-09-30T00:00:00.000Z,1.67,16.92,5,3.75,6.6,2.821,555
2021-10-01T00:00:00.000Z,1.7,22.4,5.35,3.4,7.65,4.31,530
2021-10-02T00:00:00.000Z,3.6,25.23,6.82,5.63,12.07,4.773,289
2021-10-03T00:00:00.000Z,5.72,71.95,11.8,8.9,19.55,6.81,523
2021-10-04T00:00:00.000Z,1.7,29.13,6.42,4.93,8.65,4.873,466
2021-10-05T00:00:00.000Z,1.58,15.48,5.7,4.05,7.18,2.29,515
2021-10-06T00:00:00.000Z,1.17,6.47,2.42,2.02,2.91,0.792,212
2021-10-07T00:00:00.000Z,6.07,54.72,7.74,6.93,8.75,8.423,66
2021-10-08T00:00:00.000Z,5.53,56.33,9.27,7.7,12.7,6.573,550
2021-10-09T00:00:00.000Z,4.13,50.75,10.93,7.38,15.27,7.819,554
2021-10-10T00:00:00.000Z,6.07,52.42,14.97,10.93,24.05,11.235,562
2021-10-11T00:00:00.000Z,8.32,67.56,12.81,11.14,16.41,7.378,572
2021-10-12T00:00:00.000Z,7.3,59.45,10.68,9.55,17.07,8.238,526
2021-10-13T00:00:00.000Z,8.13,39.2,15.79,14.08,21.78,5.874,80
2021-10-14T00:00:00.000Z,4.43,45.42,9.19,8.3,11.11,8.206,320
2021-10-15T00:00:00.000Z,7,62.72,15.2,12.35,20.89,8.288,433
2021-10-16T00:00:00.000Z,9.9,64.72,14.8,12.55,17.88,8.894,560
2021-10-17T00:00:00.000Z,5.09,45.22,12.68,11.06,18.45,7.611,433
2021-10-18T00:00:00.000Z,3.4,26.2,8.01,5.94,10.98,3.206,544
2021-10-19T00:00:00.000Z,1.05,18.13,4.9,3.17,6.89,2.701,577
2021-10-20T00:00:00.000Z,1,20.8,3.87,2.27,6.89,4.082,556
2021-10-21T00:00:00.000Z,3.05,71.03,8.27,5.95,12.9,10.096,563
2021-10-22T00:00:00.000Z,3.33,94.88,10.68,6.87,17.92,11.882,561
2021-10-23T00:00:00.000Z,6.4,62.75,13.27,9.73,20.07,11.151,555
2021-10-24T00:00:00.000Z,4.8,105.97,12.3,10.25,18.05,11.817,556
2021-10-25T00:00:00.000Z,1.17,27,5.9,3.55,8.44,5.074,568
2021-10-26T00:00:00.000Z,0.85,41.45,6.44,3.96,17.5,9.061,556
2021-10-27T00:00:00.000Z,6.4,240.55,11.13,9.27,19.42,14.927,551
2021-10-28T00:00:00.000Z,7.65,193.82,17.2,13.07,36,16.604,511
2021-10-29T00:00:00.000Z,14.05,61.28,45.03,36.49,53.48,9.949,325
2021-10-30T00:00:00.000Z,31.85,90.3,58.19,51.14,65.27,11.235,536
2021-10-31T00:00:00.000Z,27.73,107.82,59.42,52.49,81.68,17.304,501
2021-11-01T00:00:00.000Z,47.92,127.35,83.22,72.9,91.28,16.852,475
2021-11-02T00:00:00.000Z,32.67,131.07,74.14,63.97,84.45,18.099,482
2021-11-03T00:00:00.000Z,35.42,100.2,61.41,54.53,75.25,14.043,514
2021-11-04T00:00:00.000Z,4.22,50.65,18.23,13.5,21.77,7.888,459
2021-11-05T00:00:00.000Z,7.3,59.88,13.4,11.15,34.58,13.034,527
2021-11-06T00:00:00.000Z,13.13,76.81,26.2,18.48,35.53,12.445,549
2021-11-07T00:00:00.000Z,18.14,104.43,32.5,26.63,42.32,16.916,553
2021-11-08T00:00:00.000Z,16.42,82.43,21.76,19.8,32.72,16.046,462
2021-11-09T00:00:00.000Z,18.75,98.07,32.13,26.42,47.13,16.993,543
2021-11-10T00:00:00.000Z,1.2,102.13,30.18,9.27,46.88,23.547,546
2021-11-11T00:00:00.000Z,0.9,32.38,10.75,6.09,16.64,6.573,520
2021-11-12T00:00:00.000Z,10.18,98.13,19.07,14.93,41.08,15.701,495
2021-11-13T00:00:00.000Z,18.73,109.15,59.4,38.4,79.75,20.649,306
2021-11-14T00:00:00.000Z,37.95,154.97,56.27,50.42,62.78,21.785,302
2021-11-15T00:00:00.000Z,37.03,47,40.85,39.06,42.01,2.548,32
2021-11-16T00:00:00.000Z,6.75,43.7,15.13,10.32,19.38,6.015,243
2021-11-17T00:00:00.000Z,12.02,72.93,30.13,18.6,48.34,16.197,361
2021-11-18T00:00:00.000Z,19.75,124.43,51.25,30.2,75.53,28.266,488
2021-11-19T00:00:00.000Z,36.38,125.35,72.45,43.72,95.22,26.801,306
2021-11-20T00:00:00.000Z,54.7,124.95,90.19,67.01,103.99,20.336,316
2021-11-21T00:00:00.000Z,28.08,109.9,51.96,37.25,77.14,23.488,236
2021-11-22T00:00:00.000Z,28.17,117.55,54.43,33.83,61.22,20.755,218
2021-11-23T00:00:00.000Z,33.15,61.67,49.3,44.43,51.24,5.975,169
2021-11-24T00:00:00.000Z,4.3,110,35.83,27.08,54.63,22.829,543
2021-11-25T00:00:00.000Z,3.03,78.18,37.2,8.13,45.3,19.525,549
2021-11-26T00:00:00.000Z,10.88,70.9,40.1,32.4,56.4,15.992,566
2021-11-27T00:00:00.000Z,40.72,118.8,82.47,71.43,102.47,18.43,549
2021-11-28T00:00:00.000Z,63.38,123.25,81.9,78.59,86.16,7.819,549
2021-11-29T00:00:00.000Z,80.5,154.9,119.78,109.84,126.85,12.936,553
2021-11-30T00:00:00.000Z,74.7,137.63,103.13,90.45,117.85,15.586,522
2021-12-01T00:00:00.000Z,3.05,107.28,22.67,7.25,72.4,33.63,518
2021-12-02T00:00:00.000Z,2.6,35.85,10.76,7.24,14.85,6.201,520
2021-12-03T00:00:00.000Z,4.55,13,6.25,5.35,7.1,2.286,95
2021-12-04T00:00:00.000Z,30.25,117.97,51.28,34.44,75.9,20.972,325
2021-12-05T00:00:00.000Z,25.1,130.72,61.38,37.75,89.08,30.696,529
2021-12-06T00:00:00.000Z,31.65,120.65,57.2,45.87,76.64,21.34,549
2021-12-07T00:00:00.000Z,22.52,136.8,80.28,44.75,92.03,28.827,538
2021-12-08T00:00:00.000Z,62.5,137.52,106.53,88.75,115.7,16.608,520
2021-12-09T00:00:00.000Z,11.77,98.07,50.74,42.25,54.78,17.095,192
2021-12-10T00:00:00.000Z,27.77,116.38,44.45,36,56.7,14.334,446
2021-12-11T00:00:00.000Z,19.77,121.88,47.55,38.04,54.96,20.048,529
2021-12-12T00:00:00.000Z,25.65,160.25,66.45,35.9,88.14,30.562,445
2021-12-13T00:00:00.000Z,44.17,86.7,50.5,48.22,61.58,10.496,106
2021-12-14T00:00:00.000Z,46.1,152.47,101.9,78.56,112.35,25.907,402
2021-12-15T00:00:00.000Z,65.18,174.1,109.02,97.43,134.44,24.366,518
2021-12-16T00:00:00.000Z,74.2,252.27,166.65,124.95,194.35,46.824,519
2021-12-17T00:00:00.000Z,68.97,241.48,152.3,120.38,196.27,43.327,531
2021-12-18T00:00:00.000Z,56.38,170,110.78,96.95,122.6,22.549,518
2021-12-19T00:00:00.000Z,46.47,92.65,57.6,53.87,68.94,12.298,145
2021-12-20T00:00:00.000Z,1.83,20.77,8.38,3.8,13.43,5.152,450
2021-12-21T00:00:00.000Z,2.9,25.92,7.95,5.13,14.65,5.579,541
2021-12-22T00:00:00.000Z,1.5,18.88,5.9,4.09,9.76,3.636,536
2021-12-23T00:00:00.000Z,3.28,46.5,19.63,9,23.65,10.722,513
2021-12-24T00:00:00.000Z,11.1,71.63,22.54,18.34,31.66,8.916,532
2021-12-25T00:00:00.000Z,13.02,70.18,29,20.75,42,12.285,499
2021-12-26T00:00:00.000Z,11.75,87.68,47.08,27.25,62.78,19.417,522
2021-12-27T00:00:00.000Z,32.47,102.78,54.35,43.46,70.13,17.162,532
2021-12-28T00:00:00.000Z,32.54,120.68,73.56,59.08,85.95,22.448,547
2021-12-29T00:00:00.000Z,41.25,136.85,93.65,74.61,107.79,24.339,561
2021-12-30T00:00:00.000Z,81.31,174.45,116.46,93.7,129.68,22.862,554
2021-12-31T00:00:00.000Z,66.59,173.77,120.25,93.62,144.41,27.723,549
2022-01-01T00:00:00.000Z,56.42,160.93,132.99,113.03,146.32,21.502,554
2022-01-02T00:00:00.000Z,55.45,195.52,153.93,147.81,167.34,23.896,549
2022-01-03T00:00:00.000Z,7.97,136.27,25.15,20.3,37.53,31.216,538
2022-01-04T00:00:00.000Z,7.4,74.9,25.67,18.88,36.04,15.001,561
2022-01-05T00:00:00.000Z,7.72,69.78,27.17,16.84,50.13,17.921,549
2022-01-06T00:00:00.000Z,7.78,85.63,40.4,17.51,52.78,17.478,564
2022-01-07T00:00:00.000Z,25.5,96.3,55.51,36.1,68.8,16.999,558
2022-01-08T00:00:00.000Z,28.05,98,54.6,43.41,67.26,15.538,525
2022-01-09T00:00:00.000Z,20.83,99.1,64.03,44.55,77.47,21.752,515
2022-01-10T00:00:00.000Z,59.55,174.45,103.32,75.8,133.22,30.743,529
2022-01-11T00:00:00.000Z,66.31,145.3,83.4,76.45,101.93,17.908,525
2022-01-12T00:00:00.000Z,59.9,101.1,83.7,74.43,87.7,9.431,555
2022-01-13T00:00:00.000Z,2.52,150.82,89.33,71.06,113.32,33.859,466
2022-01-14T00:00:00.000Z,0.65,20.25,6.06,3.92,10.56,4.269,492
2022-01-15T00:00:00.000Z,4.47,31.8,13.69,8.07,18.32,6.953,560
2022-01-16T00:00:00.000Z,1.7,28.42,10.25,6.95,14.25,5.402,552
2022-01-17T00:00:00.000Z,1.52,38.1,12.85,8.85,19.27,7.778,536
2022-01-18T00:00:00.000Z,4.09,39.04,12.23,7.54,15.82,6.92,345
2022-01-19T00:00:00.000Z,6.35,53.53,29.9,25.99,32.99,9.792,357
2022-01-20T00:00:00.000Z,5.57,37.38,14.49,11.23,20.55,7.461,530
2022-01-21T00:00:00.000Z,4.7,60,10.89,7.1,16.48,7.64,502
2022-01-22T00:00:00.000Z,5.28,62.22,28.33,22.45,41.95,15.644,550
2022-01-23T00:00:00.000Z,25.2,77.45,47.31,32.83,57.78,13.95,546
2022-01-24T00:00:00.000Z,23.98,108.82,62.8,56.55,73.47,15.779,547
2022-01-25T00:00:00.000Z,32.88,112.4,73.43,62.95,84.43,17.847,551
2022-01-26T00:00:00.000Z,14.63,84.25,53.95,42.35,60.7,14.781,522
2022-01-27T00:00:00.000Z,4.15,120.25,33.7,17.89,80.38,34.874,547
2022-01-28T00:00:00.000Z,1.75,33.4,8.47,5.93,15.48,6.825,512
2022-01-29T00:00:00.000Z,7.5,49.83,21.02,15.68,29.36,11.133,524
2022-01-30T00:00:00.000Z,14.9,50,35.65,28.69,40.29,8.217,549
2022-01-31T00:00:00.000Z,8.85,44.78,26.25,17.5,32.88,8.76,541
2022-02-01T00:00:00.000Z,8.3,44.8,15.77,13.82,19.23,5.414,529
2022-02-02T00:00:00.000Z,9.1,62.08,18.23,14.79,24.25,6.915,532
2022-02-03T00:00:00.000Z,9,61.72,21.64,14.57,32.08,10.735,510
2022-02-04T00:00:00.000Z,15.38,86.1,46.9,25.65,58.7,18.61,538
2022-02-05T00:00:00.000Z,1,35.28,4.43,2.88,11.75,9.226,554
2022-02-06T00:00:00.000Z,1.2,24.42,5.5,3.67,9.3,3.8,559
2022-02-07T00:00:00.000Z,2.9,25.9,8.94,7.47,13.88,4.64,561
2022-02-08T00:00:00.000Z,4.05,35.78,14.09,8.14,23.33,8.859,552
2022-02-09T00:00:00.000Z,7.68,40.35,16.79,12.49,22.19,7.174,532
2022-02-10T00:00:00.000Z,6.85,80.38,23.32,10.84,55.73,22.606,536
2022-02-11T00:00:00.000Z,5.47,62.5,17.48,9.88,30.42,15.136,489
2022-02-12T00:00:00.000Z,12.95,58.5,28.88,21.72,35.36,9.605,477
2022-02-13T00:00:00.000Z,11.27,60.08,35.83,25.1,42.22,11.574,555
2022-02-14T00:00:00.000Z,9.32,43.42,18.05,12.3,23.85,7.847,502
2022-02-15T00:00:00.000Z,11.25,80.4,43.73,19.68,64.15,21.713,520
2022-02-16T00:00:00.000Z,33.78,73.56,54.58,43.85,60.25,9.767,565
2022-02-17T00:00:00.000Z,20.75,67.53,35.72,29.67,41.95,9.14,555
2022-02-18T00:00:00.000Z,21.48,87.1,52.4,45.53,66.34,13.508,566
2022-02-19T00:00:00.000Z,16.77,87.68,42.75,28.6,54.05,14.817,567
2022-02-20T00:00:00.000Z,11.98,66.68,26.4,19.35,35.7,11.028,568
2022-02-21T00:00:00.000Z,12.77,57.5,28.9,20.02,34.01,10.014,565
2022-02-22T00:00:00.000Z,13.5,56.83,21.79,18.25,28.82,9.022,576
2022-02-23T00:00:00.000Z,8.8,60.6,16.88,14.77,20.73,5.629,570
2022-02-24T00:00:00.000Z,8.05,29.45,14.96,11.73,17.82,4.675,270
2022-02-25T00:00:00.000Z,3.83,51.08,10.11,8.98,13.48,7.26,480
2022-02-26T00:00:00.000Z,3.25,28.25,7.15,5.97,8.51,2.647,573
2022-02-27T00:00:00.000Z,1.45,30.33,6.5,4.25,12.31,6.633,572
2022-02-28T00:00:00.000Z,5.68,38.13,15.02,9.81,21.45,6.902,501
2022-03-01T00:00:00.000Z,5.85,21.42,15.02,13.18,16.92,3.257,198
2022-03-03T00:00:00.000Z,0.28,5.3,1.65,1.02,2.5,1.035,146
2022-03-04T00:00:00.000Z,0.2,8,2.15,1.35,3.2,1.482,566
2022-03-05T00:00:00.000Z,0.9,17.05,4.65,2.72,7.3,2.779,563
2022-03-06T00:00:00.000Z,2.65,21.4,7.17,5.05,9.69,3.294,546
2022-03-07T00:00:00.000Z,6.25,48.47,11.99,9.77,16.17,6.046,570
2022-03-08T00:00:00.000Z,7.85,29.83,12.95,10.73,15.6,3.67,563
2022-03-09T00:00:00.000Z,1.5,54.55,14.6,8.39,17.47,9.665,561
2022-03-10T00:00:00.000Z,1.73,18.23,8.03,5.4,11.18,3.688,570
2022-03-11T00:00:00.000Z,0.35,14.73,4.2,2.95,6.47,2.933,562
2022-03-12T00:00:00.000Z,0.3,15.27,3.96,2.78,5.77,2.137,560
2022-03-13T00:00:00.000Z,2.1,23.08,8.98,6.1,10.65,3.369,539
2022-03-14T00:00:00.000Z,4.07,41.35,16.48,10.11,23.45,8.984,556
2022-03-15T00:00:00.000Z,1.88,45.63,11.44,4.48,14.48,6.529,568
2022-03-16T00:00:00.000Z,1.7,12.82,4.25,3.44,5.25,2.189,561
2022-03-17T00:00:00.000Z,2.75,13.43,5.65,4.48,7.94,2.258,557
2022-03-18T00:00:00.000Z,2.63,33.7,7.57,5.5,16.13,6.251,551
2022-03-19T00:00:00.000Z,3.13,25.63,8.63,7.05,11.15,4.413,547
2022-03-20T00:00:00.000Z,2,32.2,11.68,8.23,14.52,5.974,547
2022-03-21T00:00:00.000Z,2.5,36.2,11.64,7.38,14.15,5.117,538
2022-03-22T00:00:00.000Z,4.32,31.92,13.57,8.18,20.52,6.962,575
2022-03-23T00:00:00.000Z,4.38,22.75,11.4,8.88,13.8,3.334,554
2022-03-24T00:00:00.000Z,5.88,53.25,20.38,12.23,27.1,11.057,531
2022-03-25T00:00:00.000Z,7.65,33.4,16.57,12.29,20.98,5.444,572
2022-03-26T00:00:00.000Z,6.6,28.65,13.72,10.67,16.94,4.723,564
2022-03-27T00:00:00.000Z,10.35,23.92,14.64,13.35,16.75,2.872,550
2022-03-28T00:00:00.000Z,2.92,35,11.5,6.57,14.68,4.945,558
2022-03-29T00:00:00.000Z,5.22,36.28,9.43,7.7,13.95,6.617,507
2022-03-30T00:00:00.000Z,4.68,29.95,9.44,6.82,13.4,5.835,563
2022-03-31T00:00:00.000Z,5,52.8,10.15,8.43,14.39,8.163,577
2022-04-01T00:00:00.000Z,7.57,43.05,16.63,12.67,23.82,7.975,549
2022-04-02T00:00:00.000Z,9.15,41.9,14.08,11.95,19.23,6.982,502
2022-04-03T00:00:00.000Z,6.97,20.42,9.9,8.6,11.43,2.24,559
2022-04-04T00:00:00.000Z,3.42,16.1,8.44,7.24,9.6,1.956,573
2022-04-05T00:00:00.000Z,4.78,24.27,9.39,8.19,12.2,3.511,482
2022-04-10T00:00:00.000Z,5.28,32.25,10.37,7.02,16.29,7.321,192
2022-04-11T00:00:00.000Z,4.34,66.22,7.6,5.77,10.31,4.418,576
2022-04-12T00:00:00.000Z,0.88,24.67,6.13,2.91,11.27,4.512,576
2022-04-13T00:00:00.000Z,0.9,23.02,3.8,2.8,5.88,4.382,574
2022-04-14T00:00:00.000Z,1.48,30.1,6.68,3.35,9.07,4.531,573
2022-04-15T00:00:00.000Z,1.63,27.73,6.1,4.09,9.18,4.526,573
2022-04-16T00:00:00.000Z,3.17,15.57,6.1,5.28,7.35,1.975,579
2022-04-17T00:00:00.000Z,2.88,26.65,6.82,5,8.27,3.264,572
2022-04-18T00:00:00.000Z,2.92,31.25,6.68,4.95,8.8,4.346,570
2022-04-19T00:00:00.000Z,4.45,45.9,14.45,11.8,18.77,6.015,562
2022-04-20T00:00:00.000Z,3.6,33.65,13.57,9.72,15.97,4.718,565
2022-04-21T00:00:00.000Z,6.63,32.92,13.05,10.52,15.82,4.695,569
2022-04-22T00:00:00.000Z,2.27,30.6,5.47,4.38,6.82,2.752,571
2022-04-23T00:00:00.000Z,1.88,36.65,6.45,4.13,9.38,5.099,513
2022-04-24T00:00:00.000Z,4.05,37.92,8.19,6.13,9.65,4.046,347
2022-04-25T00:00:00.000Z,2.8,25.67,6.9,4.55,8.77,4.293,541
2022-04-26T00:00:00.000Z,2.78,67.97,7.3,6.1,10.85,4.41,551
2022-04-27T00:00:00.000Z,4.18,14.85,7,6.2,8.02,1.39,562
2022-04-28T00:00:00.000Z,4.13,14.02,6.43,5.68,7.47,1.829,559
2022-04-29T00:00:00.000Z,3.45,16.39,9.05,6.45,11.4,2.824,563
2022-04-30T00:00:00.000Z,3.35,20.63,6.72,5.6,11.37,3.53,576
2022-05-01T00:00:00.000Z,2.6,14.48,5.95,5,7,1.557,514
2022-05-02T00:00:00.000Z,0.68,28.45,5.42,3.75,8.43,3.112,454
2022-05-03T00:00:00.000Z,1.75,19.98,5.53,3.8,9.88,3.863,527
2022-05-04T00:00:00.000Z,1.88,14.4,5.72,4.71,7.18,2.135,576
2022-05-05T00:00:00.000Z,1.45,13.1,5.07,4.15,6.22,1.918,561
2022-05-06T00:00:00.000Z,1.23,16.73,4.96,3.92,7.75,2.74,562
2022-05-07T00:00:00.000Z,2.65,20.1,5.75,4.7,7.15,1.913,579
2022-05-08T00:00:00.000Z,0.7,15.02,3.72,2.83,5.28,1.91,478
2022-05-09T00:00:00.000Z,0.65,18.38,2.63,1.9,3.4,1.702,519
2022-05-10T00:00:00.000Z,0.6,14.07,3.2,2.22,4.25,1.692,506
2022-05-11T00:00:00.000Z,0.9,14.65,2.67,2.08,3.47,1.615,503
2022-05-12T00:00:00.000Z,2.08,9.4,4.32,3.6,5.34,1.336,304
2022-05-13T00:00:00.000Z,3.63,19.63,8.5,5.88,10.4,2.875,522
2022-05-14T00:00:00.000Z,1.77,26.3,5.13,4,8.27,3.544,541
2022-05-15T00:00:00.000Z,2.25,15.55,6.32,4.88,7.93,2.248,538
2022-05-16T00:00:00.000Z,1.25,15.1,5.85,3.88,7.38,2.434,522
2022-05-17T00:00:00.000Z,2.2,19.23,5.62,4.59,6.85,2.657,516
2022-05-18T00:00:00.000Z,1.85,11.07,4.96,3.9,6.18,1.733,508
2022-05-19T00:00:00.000Z,1.35,16.63,3.75,3.09,4.71,1.638,521
2022-05-20T00:00:00.000Z,1.3,14.48,3.13,2.33,4.01,1.699,501
2022-05-21T00:00:00.000Z,0.7,37.08,3.15,2.1,5.6,4.413,527
2022-05-22T00:00:00.000Z,1.1,16.3,3.2,2,6.93,3.375,501
2022-05-23T00:00:00.000Z,1.05,23.92,7.5,5.81,8.86,3.543,521
2022-05-24T00:00:00.000Z,0,20.6,2.9,1.94,4.04,1.86,512
2022-05-25T00:00:00.000Z,0.1,11.07,1.7,1.05,2.54,1.277,497
2022-05-26T00:00:00.000Z,0.82,20.95,2.65,1.73,4.3,3.167,505
2022-05-27T00:00:00.000Z,1.35,10.63,3.65,2.84,5.25,1.802,489
2022-05-28T00:00:00.000Z,1.1,22.88,3.38,2.44,4.71,2.861,520
2022-05-29T00:00:00.000Z,1.1,20.42,4.09,3.12,5.24,2.22,452
2022-05-30T00:00:00.000Z,2.02,16.32,4.22,3.25,5.63,2.458,452
2022-05-31T00:00:00.000Z,1.3,23.25,4.22,3.2,6.35,2.958,473
2022-06-01T00:00:00.000Z,1.52,10.6,3.8,3.05,4.93,1.674,341
2022-06-02T00:00:00.000Z,1.88,16.57,3.88,2.8,5.07,2.621,144
2022-06-03T00:00:00.000Z,1.98,36.33,6.93,6.1,8.99,5.132,300
2022-06-04T00:00:00.000Z,2.5,47.17,7.47,6.37,10.09,4.944,429
2022-06-05T00:00:00.000Z,2.75,39.04,6.63,5.43,7.77,3.223,413
2022-06-06T00:00:00.000Z,1.7,11.13,4.95,3.75,5.6,1.483,287
2022-06-08T00:00:00.000Z,3.78,17.63,6.75,5.4,8.13,1.912,398
2022-06-09T00:00:00.000Z,2.29,11.95,5.75,5.03,6.85,1.351,499
2022-06-10T00:00:00.000Z,0.9,16.35,4.82,3.83,6.39,2.215,469
2022-06-11T00:00:00.000Z,0.9,8.82,3.15,2.47,4.15,1.419,463
2022-06-12T00:00:00.000Z,1.7,17.63,5.18,3.65,8.77,3.364,502
2022-06-13T00:00:00.000Z,2.45,22.9,6.8,4.38,10.23,4.216,472
2022-06-14T00:00:00.000Z,2.2,28.13,5.2,4.07,7.34,3.356,365
2022-06-15T00:00:00.000Z,1.8,16.55,4.96,3.35,7.65,2.865,486
2022-06-16T00:00:00.000Z,1.9,14,4.65,3.63,5.7,1.977,497
2022-06-17T00:00:00.000Z,2.15,16.7,4.8,3.78,6.03,2.507,434
2022-06-18T00:00:00.000Z,2.45,13.48,5.07,4.05,6.53,2.225,483
2022-06-19T00:00:00.000Z,2.45,19.27,5.15,4.4,7.5,2.523,440
2022-06-20T00:00:00.000Z,3.2,17.57,5.3,4.76,6.64,2.136,376
2022-06-21T00:00:00.000Z,4.03,15.82,6.69,5.75,9.48,2.607,342
2022-06-22T00:00:00.000Z,0.8,11.45,5.47,3.28,6.25,2.017,343
2022-06-23T00:00:00.000Z,1.1,4.22,2.15,1.73,2.7,0.673,82
2022-06-28T00:00:00.000Z,4.65,16.55,7.29,6.53,8.63,1.956,378
2022-06-29T00:00:00.000Z,2.63,19.25,6.43,5.3,7.47,1.926,558
2022-06-30T00:00:00.000Z,3.55,10.65,5.5,4.9,6.28,1.114,554
2022-07-01T00:00:00.000Z,2.58,11.2,5,4.03,6.07,1.402,550
2022-07-02T00:00:00.000Z,1.4,11.2,4,3.35,4.82,1.232,553
2022-07-03T00:00:00.000Z,1.42,11.52,3.65,3.05,4.7,1.683,530
2022-07-04T00:00:00.000Z,1.92,20.05,3.8,3.28,4.55,1.483,556
2022-07-05T00:00:00.000Z,1.83,17.23,4.42,3.78,5.27,1.251,528
2022-07-06T00:00:00.000Z,2.2,28.88,4.88,4,5.9,1.79,550
2022-07-07T00:00:00.000Z,3.17,12.3,5.6,4.72,6.4,1.511,371
2022-07-08T00:00:00.000Z,2.83,14.45,6.25,5.37,7.13,1.418,545
2022-07-09T00:00:00.000Z,3.55,12.15,6.03,5.09,7.18,1.542,526
2022-07-10T00:00:00.000Z,3.58,11.75,5.75,4.84,6.88,1.502,546
2022-07-11T00:00:00.000Z,3.45,52.85,6.57,5.13,8.11,3.957,545
2022-07-12T00:00:00.000Z,3.67,17.63,6.1,5.22,7.18,1.653,483
2022-07-13T00:00:00.000Z,3.38,11.6,6.7,5.68,7.57,1.543,506
2022-07-14T00:00:00.000Z,3.17,13.3,6.07,5,7.25,1.661,535
2022-07-15T00:00:00.000Z,2.04,15.45,5.15,4.43,6.15,2.144,515
2022-07-16T00:00:00.000Z,2.4,13.07,5.38,4.57,6.55,1.441,579
2022-07-17T00:00:00.000Z,4.97,5.75,5.3,4.98,5.68,0.349,4
2022-07-19T00:00:00.000Z,3.45,13.55,5.85,5.03,6.82,1.372,162
2022-07-20T00:00:00.000Z,3.75,13.23,6.2,5.32,7.55,1.609,567
2022-07-21T00:00:00.000Z,2.13,18.25,5.7,4.4,7.22,2.164,566
2022-07-22T00:00:00.000Z,0.93,10.82,3.71,2.8,5,1.671,538
2022-07-23T00:00:00.000Z,0.6,13.6,3.7,2.52,4.9,1.849,562
2022-07-24T00:00:00.000Z,0.8,9.73,2.52,1.9,3.67,1.331,527
2022-07-25T00:00:00.000Z,0.65,42.88,3.63,2.35,5.18,3.311,580
2022-07-26T00:00:00.000Z,2.22,15.73,5.43,4.5,6.22,1.525,571
2022-07-27T00:00:00.000Z,3.83,12.93,6.59,5.59,7.62,1.531,576
2022-07-28T00:00:00.000Z,4.25,17.13,6.9,5.93,7.88,1.717,555
2022-07-29T00:00:00.000Z,3.72,11.7,6.63,5.77,7.6,1.427,560
2022-07-30T00:00:00.000Z,3.85,9.55,5.68,5.09,6.47,1.035,227
2022-07-31T00:00:00.000Z,2.35,11.82,5.03,4.4,5.89,1.33,348
2022-08-01T00:00:00.000Z,3.03,16.6,6.47,5.07,8.55,2.3,510
2022-08-02T00:00:00.000Z,4.34,16.07,7.65,6.65,9.13,1.915,539
2022-08-03T00:00:00.000Z,2.58,17.17,7.55,6.03,8.69,2.172,554
2022-08-04T00:00:00.000Z,3.2,14.15,6.84,5.77,7.81,1.669,444
2022-08-05T00:00:00.000Z,3.58,15.63,8.4,7.2,9.75,1.948,565
2022-08-06T00:00:00.000Z,1.7,14.1,6.13,4.88,7.68,2.204,550
2022-08-07T00:00:00.000Z,1.63,12.73,5.63,4.5,6.5,1.821,431
2022-08-08T00:00:00.000Z,2.17,27.08,5.22,4.17,6.5,1.981,512
2022-08-09T00:00:00.000Z,4.15,16.39,7.55,6.6,9.44,2.285,563
2022-08-10T00:00:00.000Z,3.2,19.89,5.8,4.8,7.3,1.967,460
2022-08-11T00:00:00.000Z,3.3,7.18,4.78,4.09,5.38,0.851,98
2022-08-15T00:00:00.000Z,5.75,71.3,11.38,8.61,14.28,8.822,392
2022-08-16T00:00:00.000Z,5.47,39.45,9.69,7.82,12,4.365,582
2022-08-17T00:00:00.000Z,5.07,16.89,8.57,7.13,10.6,2.376,422
2022-08-18T00:00:00.000Z,3.88,30.27,7.28,6.3,8.52,2.396,451
2022-08-19T00:00:00.000Z,3.15,33.75,7.64,5.63,10.02,3.491,576
2022-08-20T00:00:00.000Z,2.38,15.52,5.78,4.93,6.65,1.542,532
2022-08-21T00:00:00.000Z,2.5,19.77,5.8,4.45,7.85,2.213,518
2022-08-22T00:00:00.000Z,4.13,14.85,8.35,7.14,9.98,2.115,333
2022-08-23T00:00:00.000Z,3.38,12.52,6.38,5.85,7.13,1.238,203
2022-08-25T00:00:00.000Z,2.08,23.15,6.43,4.48,8.06,2.784,425
2022-08-26T00:00:00.000Z,2.97,27.5,5.49,4.68,7.72,3.461,550
2022-08-27T00:00:00.000Z,2.95,30.5,5.88,4.95,7.93,4.115,533
2022-08-28T00:00:00.000Z,2.67,21.83,5.87,4.47,7.46,3.085,528
2022-08-29T00:00:00.000Z,3.08,21.35,5.53,4.3,8.07,2.879,523
2022-08-30T00:00:00.000Z,3.33,18.5,6.3,4.55,8.52,2.589,288
2022-09-20T00:00:00.000Z,3.13,61.17,7.4,5.5,10.06,5.156,365
2022-09-21T00:00:00.000Z,3.45,19.02,7.9,7.07,9.9,2.429,462
2022-09-22T00:00:00.000Z,4.15,17.73,8.15,6.6,9.55,2.284,231
2022-09-23T00:00:00.000Z,4.3,20.02,5.71,5.07,15,5.211,22
2022-09-24T00:00:00.000Z,3.45,8.02,4.38,3.9,4.93,0.913,55
2022-09-25T00:00:00.000Z,0.6,32.88,3.85,3.05,6.45,4.484,231
2022-09-26T00:00:00.000Z,1.85,9.18,2.88,2.42,3.5,1.38,83
2022-09-27T00:00:00.000Z,3.5,6.1,4.59,4.32,5.28,0.736,14
2022-09-28T00:00:00.000Z,6.93,8.23,7.75,6.93,8.23,0.537,3
2023-01-15T00:00:00.000Z,48.33,122.13,67.81,58.59,82.5,16.043,305
2023-01-16T00:00:00.000Z,33.58,125.82,83.58,69.34,94.25,18.703,496
2023-01-17T00:00:00.000Z,61.8,142.94,97.5,87.75,108.63,17.148,494
2023-01-18T00:00:00.000Z,41.15,149,94.3,74.65,106.45,21.206,433
2023-01-19T00:00:00.000Z,34.29,125.1,85.65,70.77,103.69,24.239,544
2023-01-20T00:00:00.000Z,37.1,138.57,86.26,60.13,99.45,25.071,522
2023-01-21T00:00:00.000Z,52.58,146.85,97.43,72.54,115.22,24.77,493
2023-01-22T00:00:00.000Z,27.52,91.57,43.55,37.49,57.87,14.277,557
2023-01-23T00:00:00.000Z,21.98,59.47,38.46,28.79,44.18,9.394,448
2023-01-24T00:00:00.000Z,20.77,72.95,37.47,29.59,50.42,11.453,513
2023-01-25T00:00:00.000Z,20.9,65.81,38.44,33,50.28,11.927,490
2023-01-26T00:00:00.000Z,21.1,80.5,43.8,34.49,60.78,16.106,520
2023-01-27T00:00:00.000Z,25.75,91.75,44.7,33.76,58.79,13.921,413
2023-01-28T00:00:00.000Z,23.52,144.77,66.38,35.28,115.45,38.567,518
2023-01-29T00:00:00.000Z,82.43,161.82,119.5,108.95,135.65,17.956,503
2023-01-30T00:00:00.000Z,48.6,121.68,73.59,64.28,83.28,16.312,495
2023-01-31T00:00:00.000Z,49.15,143.18,79.28,70.58,84.51,11.955,480
2023-02-01T00:00:00.000Z,34.47,119.3,77.7,70.03,83.18,12.898,509
2023-02-02T00:00:00.000Z,1.63,83.1,36.81,23.6,67,25.206,494
2023-02-03T00:00:00.000Z,0.98,32.75,6.5,2.5,10.71,6.795,385
2023-02-04T00:00:00.000Z,3.08,38.95,12.13,7.78,20.58,7.744,561
2023-02-05T00:00:00.000Z,18.75,63.03,39.75,24.78,52.36,13.814,477
2023-02-06T00:00:00.000Z,3.97,119,42.24,9.13,62.38,26.679,440
2023-02-07T00:00:00.000Z,2.4,31.25,8.77,6.89,11.84,5.107,457
2023-02-08T00:00:00.000Z,0.9,33.35,8.44,3.56,12.03,6.831,397
2023-02-09T00:00:00.000Z,4.72,36.17,11.05,7.63,21.4,8.154,455
2023-02-10T00:00:00.000Z,9.55,50.3,20.87,15.18,29.67,8.627,454
2023-02-11T00:00:00.000Z,10.7,69.59,24.08,18.98,29.45,9.223,434
2023-02-12T00:00:00.000Z,11.88,45.72,35.54,31.79,37.95,6.853,473
2023-02-13T00:00:00.000Z,1.95,73.38,23.59,14.3,32.36,13.833,376
2023-02-14T00:00:00.000Z,1.33,38.42,9.44,6.02,14.65,7.154,437
2023-02-15T00:00:00.000Z,4.95,69.9,25.16,21.38,28.1,8.124,330
2023-02-16T00:00:00.000Z,4.57,97.65,13.15,9.38,16.25,6.643,422
2023-02-17T00:00:00.000Z,4.68,29,9.03,6.44,14.33,5.716,392
2023-02-18T00:00:00.000Z,4.82,51.67,15.1,10.85,30.02,11.419,510
2023-02-19T00:00:00.000Z,9.55,31.13,15.88,13.93,17.64,3.6,435
2023-02-20T00:00:00.000Z,8.4,25.98,15.49,13.64,17.22,2.973,504
2023-02-21T00:00:00.000Z,1.77,18.5,7.95,5.72,10.45,3.441,499
2023-02-22T00:00:00.000Z,2.92,14.48,6.25,4.3,8.4,2.637,397
2023-02-23T00:00:00.000Z,1.35,25.1,9.05,7.63,11.63,3.592,378
2023-02-24T00:00:00.000Z,0.6,32.72,5.72,2.47,10.35,6.875,511
2023-02-25T00:00:00.000Z,4.63,53.38,16.84,9.68,29.08,13.047,410
2023-02-26T00:00:00.000Z,16.52,67.4,29.99,26.4,37.88,11.825,498
2023-02-27T00:00:00.000Z,20.73,76.81,38.29,30.58,46.5,12.322,508
2023-02-28T00:00:00.000Z,16.35,62.83,29.19,23.08,43,12.238,430
2023-03-01T00:00:00.000Z,15.73,90.88,40.7,33.08,47.51,12.381,528
2023-03-02T00:00:00.000Z,6.25,44.2,18.42,11.4,33.15,11.272,543
2023-03-03T00:00:00.000Z,6.88,78.43,20.43,14.13,32.6,12.104,406
2023-03-04T00:00:00.000Z,21.02,67.56,28.87,25.58,38.13,10.621,526
2023-03-05T00:00:00.000Z,8.48,41.88,16.6,12.52,20.92,4.578,542
2023-03-06T00:00:00.000Z,1.3,26,7.7,4.05,9.65,3.979,518
2023-03-07T00:00:00.000Z,1.3,36.85,4.53,2.92,8.4,4.637,507
2023-03-08T00:00:00.000Z,3.47,93.1,11.8,9.52,14.49,12.192,541
2023-03-09T00:00:00.000Z,6.78,83.5,15.19,10.8,24.9,11.355,466
2023-03-10T00:00:00.000Z,11.95,52.47,32.97,26.65,40.63,9.413,546
2023-03-11T00:00:00.000Z,4.7,45.33,9.55,7.63,15.45,6.646,538
2023-03-12T00:00:00.000Z,3.78,90.63,8.98,7.68,11.94,12.964,533
2023-03-13T00:00:00.000Z,5.2,36.13,9.43,7.9,16.17,7.084,526
2023-03-14T00:00:00.000Z,6.75,34.75,13.75,11.95,17.5,4.713,401
2023-03-15T00:00:00.000Z,3.6,32.13,12.8,9.23,15.05,5.404,548
2023-03-16T00:00:00.000Z,1.02,27.38,10.64,7.18,13.13,4.582,522
2023-03-17T00:00:00.000Z,4.63,59.9,20.13,12.55,28.02,14.444,539
2023-03-18T00:00:00.000Z,3.72,56.3,17.55,12.23,29.9,13.976,426
2023-03-19T00:00:00.000Z,0,47.88,11.01,4.01,22.88,10.983,512
2023-03-20T00:00:00.000Z,0.25,33.04,8.02,4.51,11.08,4.845,492
2023-03-21T00:00:00.000Z,3.53,22.23,8.5,6.9,10.5,3.422,526
2023-03-22T00:00:00.000Z,3.38,17.14,7.28,5.35,9.64,3.141,521
2023-03-23T00:00:00.000Z,5.07,26.65,11.74,9.44,14.55,4.229,534
2023-03-24T00:00:00.000Z,6.13,32.65,14.7,11.88,19.1,5.323,502
2023-03-25T00:00:00.000Z,4.84,30.17,12.52,9.73,19.8,5.576,503
2023-03-26T00:00:00.000Z,4.82,123.47,15.3,10.1,18.23,7.641,402
2023-03-27T00:00:00.000Z,1.4,30.17,7.38,4,9.02,6.003,459
2023-03-28T00:00:00.000Z,3,22.98,7.22,5.5,10.23,3.443,513
2023-03-29T00:00:00.000Z,1.33,9.05,4.07,3.55,5.18,1.261,445
2023-03-30T00:00:00.000Z,0.5,17,2.95,1.85,4.75,2.109,501
2023-03-31T00:00:00.000Z,0.73,46.03,4.63,3.08,6.85,6.246,495
2023-04-01T00:00:00.000Z,1.3,48.55,7.7,3.67,17.55,11.565,309
2023-04-02T00:00:00.000Z,4.65,73.56,13.67,7.88,55.84,24.35,424
2023-04-03T00:00:00.000Z,2.78,18.55,6.32,5.13,8.1,2.535,526
2023-04-04T00:00:00.000Z,1.58,30.25,7.25,4.15,9.44,5.327,564
2023-04-05T00:00:00.000Z,2.6,15.05,5.68,4.59,6.8,1.726,547
2023-04-06T00:00:00.000Z,1.65,14.7,4.5,3.42,5.84,1.925,585
2023-04-07T00:00:00.000Z,0.4,21.08,3.5,1.77,5.25,2.58,559
2023-04-08T00:00:00.000Z,1.1,22.83,4.38,2.88,5.7,2.225,577
2023-04-09T00:00:00.000Z,0.75,22.88,4.09,2.85,11.56,5.531,580
2023-04-10T00:00:00.000Z,4.7,39.22,10.52,7.87,20.11,7.453,477
2023-04-11T00:00:00.000Z,3.97,71.65,33.6,25.63,47.03,16.007,566
2023-04-12T00:00:00.000Z,0.88,25.1,6.72,3.45,9.34,3.964,576
2023-04-13T00:00:00.000Z,0.2,22.3,2.33,1.52,3.38,1.64,580
2023-04-14T00:00:00.000Z,0.7,33.7,3.38,2.13,8.73,5.728,575
2023-04-15T00:00:00.000Z,2.1,23.98,4.9,4,6.6,3.88,575
2023-04-16T00:00:00.000Z,2.5,17.13,6.45,4.95,8.57,2.794,584
2023-04-17T00:00:00.000Z,2.29,36.03,7.15,5.78,11.79,5.639,572
2023-04-18T00:00:00.000Z,2,38.7,6.9,4.55,8.59,3.346,580
2023-04-19T00:00:00.000Z,0.5,17.7,3.22,2.1,4.43,2.056,493
2023-04-20T00:00:00.000Z,0.6,17.7,5.2,3.85,6.88,2.473,589
2023-04-21T00:00:00.000Z,0.9,53.03,5.89,3.5,13.3,8.754,514
2023-04-22T00:00:00.000Z,1.67,19.25,4.28,3.2,6.1,2.891,502
2023-04-23T00:00:00.000Z,1.77,12.5,3.92,3.3,5.38,1.785,378
2023-04-24T00:00:00.000Z,2.63,28.1,8.73,6.18,10.6,4.511,576
2023-04-25T00:00:00.000Z,1.1,33.47,7.59,3.82,14.48,7.494,580
2023-04-26T00:00:00.000Z,1.63,16,4.72,3.47,7.99,2.921,560
2023-04-27T00:00:00.000Z,2.4,25,5.78,4.43,10.02,4.685,531
2023-04-28T00:00:00.000Z,1.05,17.39,7.55,5.56,9.03,3.168,401
2023-04-29T00:00:00.000Z,0.95,29.35,5.23,2.54,8.44,3.697,568
2023-04-30T00:00:00.000Z,1.38,19.89,4.13,2.8,5.23,2.28,416
2023-05-01T00:00:00.000Z,0.6,17.42,3.14,2.4,4.28,1.919,570
2023-05-02T00:00:00.000Z,0.6,21.88,2.29,1.4,3.5,1.889,566
2023-05-03T00:00:00.000Z,0.2,13.48,2.92,1.14,4.88,2.459,413
2023-05-04T00:00:00.000Z,1.02,31.08,3.67,2.65,4.93,4.027,577
2023-05-05T00:00:00.000Z,1.58,42.28,3.78,3.08,5.03,4.26,407
2023-05-06T00:00:00.000Z,1.98,22.55,4.8,3.95,6.82,4.168,570
2023-05-07T00:00:00.000Z,1.77,33.47,5.57,3.97,9.15,4.522,455
2023-05-08T00:00:00.000Z,0.85,13.63,3.08,2.45,3.97,1.414,561
2023-05-09T00:00:00.000Z,1.6,21.02,4.51,3.3,7.9,3.078,570
2023-05-10T00:00:00.000Z,1.63,26.58,4.3,3.2,7.63,2.824,574
2023-05-11T00:00:00.000Z,2,18.25,5.82,4.15,7.93,3.021,564
2023-05-12T00:00:00.000Z,2.8,24.83,6.57,4.8,9.4,3.612,579
2023-05-13T00:00:00.000Z,3.28,18.39,8.05,6.49,9.56,2.522,576
2023-05-14T00:00:00.000Z,0.3,13.4,2.63,1.73,3.72,1.52,580
2023-05-15T00:00:00.000Z,0.8,10.1,2.65,2,3.35,1.196,574
2023-05-16T00:00:00.000Z,0.45,19.39,2.52,1.9,3.72,2.373,457
2023-05-17T00:00:00.000Z,1.88,12.15,3.7,3,4.71,1.394,565
2023-05-18T00:00:00.000Z,3.2,81.63,6.72,4.93,14.77,8.253,574
2023-05-19T00:00:00.000Z,1.92,191.85,10.88,8.32,19.6,18.511,571
2023-05-20T00:00:00.000Z,0.9,58.63,7.78,5.13,10.75,8.691,583
2023-05-21T00:00:00.000Z,1.75,41.28,6.79,4.72,11.56,6.788,572
2023-05-22T00:00:00.000Z,3.47,48,6.5,5,10.18,9.927,219
2023-05-25T00:00:00.000Z,5.09,45.92,7.82,6.55,9.57,2.936,398
2023-05-26T00:00:00.000Z,4.5,22.33,8.8,7.5,12.02,3.258,422
2023-05-27T00:00:00.000Z,4.25,17.92,7.35,6.31,9.14,2.227,461
2023-05-28T00:00:00.000Z,3.9,21.3,7.43,6.6,8.5,1.775,492
2023-05-29T00:00:00.000Z,3.03,117.88,8.98,6.75,10.4,5.806,495
2023-05-30T00:00:00.000Z,2.1,20.92,5.93,4.96,10.03,4.23,573
2023-05-31T00:00:00.000Z,0.73,26,4.95,4.28,6.95,4.145,351
2023-06-01T00:00:00.000Z,2.9,23.17,6.07,4.87,8.59,2.898,557
2023-06-02T00:00:00.000Z,2.85,37.38,5.74,4.57,7.13,2.99,570
2023-06-03T00:00:00.000Z,2.45,17.14,9.23,7.81,11.5,2.876,456
2023-06-04T00:00:00.000Z,2.72,29.77,7.03,5.38,8.9,3.204,582
2023-06-05T00:00:00.000Z,4.72,30.52,9.18,7.7,11.18,3.171,566
2023-06-06T00:00:00.000Z,2.63,16.88,6.53,4.82,7.54,2.114,360
2023-06-07T00:00:00.000Z,2.15,14.57,4.3,3.55,5.3,1.366,578
2023-06-08T00:00:00.000Z,2.67,13.77,5.09,4.32,5.88,1.88,438
2023-06-09T00:00:00.000Z,1.52,12.57,4.94,4.2,6,1.54,574
2023-06-10T00:00:00.000Z,3.05,21.52,5.53,4.65,7.07,2.671,580
2023-06-11T00:00:00.000Z,3.92,30.35,8.9,6.28,12.59,4.299,584
2023-06-12T00:00:00.000Z,4,31.63,8.8,7.07,12.12,5.138,577
2023-06-13T00:00:00.000Z,3.95,38.04,9.39,7.44,12.46,3.952,572
2023-06-14T00:00:00.000Z,2.29,22.52,7.4,5.35,9.18,3.386,567
2023-06-15T00:00:00.000Z,2.38,19.2,7.25,5.75,9.18,2.869,576
2023-06-16T00:00:00.000Z,2.29,23.58,5.25,4.13,7.07,2.208,573
2023-06-17T00:00:00.000Z,1.3,17.45,5.7,4,7.1,2.647,576
2023-06-18T00:00:00.000Z,2.72,14.25,5.6,4.59,6.47,1.727,443
2023-06-19T00:00:00.000Z,2.54,24.95,6.24,4.93,7.85,3.087,378
2023-06-20T00:00:00.000Z,1.8,15.2,6.47,5.09,8.03,2.277,565
2023-06-21T00:00:00.000Z,0.8,23.17,3.74,2.52,4.96,3.03,576
2023-06-22T00:00:00.000Z,0.2,21.77,3.38,2.14,4.4,2.157,572
2023-06-23T00:00:00.000Z,0.45,44.83,5.27,3.4,7.95,9.077,568
2023-06-24T00:00:00.000Z,2.27,47.8,5.99,4.18,19.67,12.691,582
2023-06-25T00:00:00.000Z,2.63,15.55,4.9,4.09,6.28,2.141,588
2023-06-26T00:00:00.000Z,1.67,22.52,5.4,4.42,6.68,2.157,509
2023-06-27T00:00:00.000Z,1.9,21.92,4.4,3.4,5.75,2.788,577
2023-06-28T00:00:00.000Z,1.92,23.13,5.2,3.75,6.25,2.062,583
2023-06-29T00:00:00.000Z,3,20.9,6.03,4.97,7.35,1.926,583
2023-06-30T00:00:00.000Z,1.6,14.32,4.45,3.39,5.88,1.905,581
2023-07-01T00:00:00.000Z,1.27,27.33,3.25,2.45,4.32,2.623,375
2023-07-02T00:00:00.000Z,1.55,18.1,4.7,3.53,6.46,2.447,581
2023-07-03T00:00:00.000Z,3.7,17.88,7.15,6.07,8.35,2.112,556
2023-07-04T00:00:00.000Z,2.4,12.88,6.14,4.95,7.35,1.85,414
2023-07-05T00:00:00.000Z,2.8,13.82,5.25,4.63,6.19,1.654,540
2023-07-06T00:00:00.000Z,3.28,15.32,6.4,5.32,7.54,1.67,284
2023-07-07T00:00:00.000Z,3.97,14.27,6.65,5.93,7.65,1.473,518
2023-07-08T00:00:00.000Z,3.67,17.88,6.85,5.74,8.09,2.067,340
2023-07-09T00:00:00.000Z,3.25,21.75,7.88,6.27,10.42,3.419,369
2023-07-10T00:00:00.000Z,1,19.55,5.09,4.22,6.37,2.189,352
2023-07-11T00:00:00.000Z,0.4,17.64,4.03,2.47,5.55,2.478,538
2023-07-12T00:00:00.000Z,1.48,12.88,4.23,2.92,5.55,1.952,546
2023-07-13T00:00:00.000Z,2.5,16.67,6.2,4.9,7.5,1.873,558
2023-07-14T00:00:00.000Z,3.5,18.45,6.7,5.3,8.25,3.006,536
2023-07-15T00:00:00.000Z,3.3,16.88,6.17,5.46,7,1.524,576
2023-07-16T00:00:00.000Z,2.58,14.82,6.1,5.22,7,1.483,581
2023-07-17T00:00:00.000Z,1.85,13.93,4.22,3.34,5.4,1.741,385
2023-07-18T00:00:00.000Z,1.73,12.15,4.59,3.42,5.53,1.577,584
2023-07-19T00:00:00.000Z,2.58,15.4,5.44,4.63,6.6,1.776,472
2023-07-20T00:00:00.000Z,2.5,22.02,6.47,5.22,7.9,2.312,566
2023-07-21T00:00:00.000Z,2.5,16.52,6.4,4.84,7.72,2.279,580
2023-07-22T00:00:00.000Z,2.5,15.3,6.14,4.55,7.25,1.79,576
2023-07-23T00:00:00.000Z,4.07,11.52,7.2,6.19,8.09,1.357,581
2023-07-24T00:00:00.000Z,0.8,28.83,5.81,3.21,7.35,3.328,580
2023-07-25T00:00:00.000Z,1.27,75.68,4.8,3.64,5.9,7.991,585
2023-07-26T00:00:00.000Z,3.55,21.38,7.42,6.3,8.6,1.935,578
2023-07-27T00:00:00.000Z,4.03,19.23,8.94,6.82,10.68,3.041,575
2023-07-28T00:00:00.000Z,1,18.64,7.82,6.22,8.73,2.597,582
2023-07-29T00:00:00.000Z,0.68,19.6,5.05,3.24,7.15,3.713,581
2023-07-30T00:00:00.000Z,2.2,11.65,5,3.8,6.45,1.702,578
2023-07-31T00:00:00.000Z,1.92,15.2,5.24,3.99,6.69,1.928,548
2023-08-01T00:00:00.000Z,2.72,46.33,6.72,5.5,7.9,2.577,587
2023-08-02T00:00:00.000Z,3.17,34.38,7.5,6.22,9.51,4.499,569
2023-08-03T00:00:00.000Z,3.15,52.45,6.25,5.2,7.45,2.777,570
2023-08-04T00:00:00.000Z,1.6,8.73,3.63,3.08,4.38,1.158,580
2023-08-05T00:00:00.000Z,2.52,15.52,6.22,4.73,7.78,2.206,585
2023-08-06T00:00:00.000Z,3.55,16.48,5.95,5.15,7.31,1.611,581
2023-08-07T00:00:00.000Z,2.1,20.14,5.97,5.18,7.07,1.78,586
2023-08-08T00:00:00.000Z,3.72,32.25,7.57,6.28,9.25,2.66,586
2023-08-09T00:00:00.000Z,3.65,14.2,7.5,6.52,8.68,1.728,577
2023-08-10T00:00:00.000Z,4,25.27,8.07,6.8,9.64,2.876,560
2023-08-11T00:00:00.000Z,3.28,31.08,7.12,6.03,8.98,3.428,574
2023-08-12T00:00:00.000Z,3.78,12.2,5.82,5.18,7.88,1.897,215
2023-08-13T00:00:00.000Z,2.63,16.95,7.9,5.79,9.82,2.658,436
2023-08-14T00:00:00.000Z,3.58,14.93,7.4,6.53,8.48,1.797,579
2023-08-15T00:00:00.000Z,2.85,19.88,6.75,5.38,8.3,2.379,582
2023-08-16T00:00:00.000Z,2.52,33.65,7.39,5.97,9.85,3.415,586
2023-08-17T00:00:00.000Z,3.1,66.45,6.68,5.6,8.68,5.471,577
2023-08-18T00:00:00.000Z,2.45,26.95,6.55,5.38,8.57,2.761,583
2023-08-19T00:00:00.000Z,3.3,15.77,6.6,4.9,8.18,2.193,583
2023-08-20T00:00:00.000Z,3.5,12.95,5.21,4.47,6.28,1.321,572
2023-08-21T00:00:00.000Z,2.85,50.38,6.07,4.78,8.48,3.278,566
2023-08-22T00:00:00.000Z,2.78,16.57,6.04,4.57,7.75,2.239,578
2023-08-23T00:00:00.000Z,3.15,16.35,6.53,4.78,8.82,2.614,582
2023-08-24T00:00:00.000Z,2.75,16.98,5.89,4.84,7.03,1.947,584
2023-08-25T00:00:00.000Z,1.58,16.95,6.1,4.59,7.47,2.218,575
2023-08-26T00:00:00.000Z,1.4,29.5,5.7,4.45,6.78,2.425,583
2023-08-27T00:00:00.000Z,4.03,20,6.92,5.63,9.35,2.619,570
2023-08-28T00:00:00.000Z,4.7,27.5,11.45,9.69,13.2,2.822,576
2023-08-29T00:00:00.000Z,5.18,25.75,9.77,8.25,11.3,2.567,551
2023-08-30T00:00:00.000Z,4.43,14.88,7.03,6.37,7.95,1.312,573
2023-08-31T00:00:00.000Z,4.34,44.9,8.52,6.94,9.85,4.053,572
2023-09-01T00:00:00.000Z,3.5,27.83,7.55,5.97,9.39,3.662,573
2023-09-02T00:00:00.000Z,4.13,16.75,7.05,6.22,8.27,1.831,570
2023-09-03T00:00:00.000Z,3.35,26.55,6.57,5.55,7.49,3.472,577
2023-09-04T00:00:00.000Z,4.57,31.45,9.52,7.35,13.13,5.053,575
2023-09-05T00:00:00.000Z,5.3,39.92,10.94,9.49,12.99,4.666,580
2023-09-06T00:00:00.000Z,3.58,30.8,9.05,7.53,10.48,3.253,574
2023-09-07T00:00:00.000Z,4.9,18.23,8.81,7.53,10,2.048,586
2023-09-08T00:00:00.000Z,1.48,17.27,7.6,6.2,8.98,2.462,586
2023-09-09T00:00:00.000Z,2.33,26.2,6.5,4.2,12.65,5.151,574
2023-09-10T00:00:00.000Z,1.33,12.05,3.1,2.22,4.43,1.809,573
2023-09-11T00:00:00.000Z,2.4,40.2,6.07,4.45,8.4,3.266,567
2023-09-12T00:00:00.000Z,2.58,32.6,11.24,7.72,16.64,5.633,580
2023-09-13T00:00:00.000Z,2.02,41.95,15.1,9.22,28.94,11.349,560
2023-09-14T00:00:00.000Z,2.25,20.1,7.09,5.52,10.07,3.03,580
2023-09-15T00:00:00.000Z,3.4,19.75,6.1,5.29,7.99,2.951,561
2023-09-16T00:00:00.000Z,1.9,21.77,7.57,6.14,9.16,2.839,584
2023-09-17T00:00:00.000Z,2.47,18.42,5.68,4.65,7.45,2.011,579
2023-09-18T00:00:00.000Z,2.38,14.68,4.78,3.75,5.69,1.667,569
2023-09-19T00:00:00.000Z,2.27,15,5.72,4.43,7.05,1.988,555
2023-09-20T00:00:00.000Z,1.75,40.79,6.28,5.18,12.68,6.032,547
2023-09-21T00:00:00.000Z,3.92,33.28,6.53,5.63,9.23,3.998,582
2023-09-22T00:00:00.000Z,4.28,41.8,7.53,6.63,8.8,4.809,574
2023-09-23T00:00:00.000Z,3,24.45,7.6,6.45,8.94,2.618,582
2023-09-24T00:00:00.000Z,1.7,25.77,6.5,4.82,7.43,2.428,575
2023-09-25T00:00:00.000Z,2.7,20.5,5.65,4.57,7.05,1.929,583
2023-09-26T00:00:00.000Z,3.1,13.77,6.85,5.47,8.98,2.184,559
2023-09-27T00:00:00.000Z,4.34,48.17,8.68,6.93,11.84,5.778,565
2023-09-28T00:00:00.000Z,4.95,42.8,10.52,8.18,13.59,5.31,584
2023-09-29T00:00:00.000Z,6.1,22.55,9.82,8.39,12.72,3.112,585
2023-09-30T00:00:00.000Z,6.15,24.58,12.35,9.69,14.7,3.523,575
2023-10-01T00:00:00.000Z,4.34,29.8,11.4,10.01,15.89,4.593,541
2023-10-02T00:00:00.000Z,0.2,15,4.7,3,6.59,2.809,549
2023-10-03T00:00:00.000Z,1.08,48.25,6.43,4.59,13.41,5.748,573
2023-10-04T00:00:00.000Z,5.28,64.63,9.78,7.88,16.38,7.016,574
2023-10-05T00:00:00.000Z,2.45,46.35,6.72,5.07,9.3,6.568,574
2023-10-06T00:00:00.000Z,3.7,37.03,6.98,5.45,9.3,4.751,566
2023-10-07T00:00:00.000Z,4.88,54.85,9.55,7.78,11.65,5.612,563
2023-10-08T00:00:00.000Z,5.2,44.47,8.93,7.75,10.8,6.77,571
2023-10-09T00:00:00.000Z,1.8,15.7,8.56,6.07,10.07,2.982,554
2023-10-10T00:00:00.000Z,1.6,102.5,11.24,8.73,18.2,12.013,530
2023-10-11T00:00:00.000Z,1.33,34.1,5.72,4.05,7.49,4.784,556
2023-10-12T00:00:00.000Z,1.3,20.39,6.9,4.8,9.44,3.183,559
2023-10-13T00:00:00.000Z,3.15,39.28,8.5,6.54,18.52,7.964,549
2023-10-14T00:00:00.000Z,7.7,57.22,13.73,11.97,16.8,6.064,565
2023-10-15T00:00:00.000Z,7.38,47.03,11.99,10.5,14.6,5.839,574
2023-10-16T00:00:00.000Z,6.82,28.6,14.88,12.1,17.6,4.427,566
2023-10-17T00:00:00.000Z,3.58,36.9,14.26,8.03,20.67,7.765,564
2023-10-18T00:00:00.000Z,4.72,40.53,16.52,10.77,27.02,9.041,559
2023-10-19T00:00:00.000Z,2.33,51.33,10.68,7.22,17.13,6.715,549
2023-10-20T00:00:00.000Z,3.05,56.8,8.25,5.59,13.93,7.472,584
2023-10-21T00:00:00.000Z,4.34,48.22,11.56,8.43,18.48,8.128,578
2023-10-22T00:00:00.000Z,5.9,57.75,11.45,8.94,18.63,8.074,579
2023-10-23T00:00:00.000Z,5.09,44.17,13.77,10.79,17.91,8.457,584
2023-10-24T00:00:00.000Z,7.2,41.72,13.52,10.25,16.95,6.933,573
2023-10-25T00:00:00.000Z,3.9,49.8,10.69,8.02,15.73,7.941,584
2023-10-26T00:00:00.000Z,4.9,89.28,10.7,8.13,18,9.148,583
2023-10-27T00:00:00.000Z,7.38,61.67,13.52,11.35,18.27,8.861,577
2023-10-28T00:00:00.000Z,8.98,59.03,15.18,12.29,27.64,10.73,585
2023-10-29T00:00:00.000Z,7.78,90.03,21.58,12.63,29.17,15.029,575
2023-10-30T00:00:00.000Z,10.77,49.45,17.64,14.42,21.49,8.277,585
2023-10-31T00:00:00.000Z,8.94,55.75,16.55,13.19,23.97,10.534,584
2023-11-01T00:00:00.000Z,12.13,72.59,23.05,16.91,33.45,11.497,549
2023-11-02T00:00:00.000Z,16.17,76.28,30.92,25.8,46.45,13.239,547
2023-11-03T00:00:00.000Z,19.92,101.7,35.78,31.13,40.47,8.256,583
2023-11-04T00:00:00.000Z,4.45,54.88,16.22,11.25,24.48,8.766,582
2023-11-05T00:00:00.000Z,8.15,59.58,15.52,11.5,29.63,13.423,584
2023-11-06T00:00:00.000Z,10.85,65.97,21.51,16.22,28.49,9.626,576
2023-11-07T00:00:00.000Z,1.65,28.42,8.1,5.45,10.85,5.887,574
2023-11-08T00:00:00.000Z,2.78,52.17,9.57,7.68,14.27,10.212,575
2023-11-09T00:00:00.000Z,7.07,80.03,18.28,13.34,41.19,18.275,544
2023-11-10T00:00:00.000Z,7.65,59.9,24.7,15.38,32.08,10.125,569
2023-11-11T00:00:00.000Z,9.68,92.55,19.8,15.7,39.32,18.722,580
2023-11-12T00:00:00.000Z,18.63,94.22,35.32,26.5,56.67,19.987,354
2023-11-13T00:00:00.000Z,12.35,70.93,30.48,20.16,44.59,14.421,573
2023-11-14T00:00:00.000Z,7.07,111.72,32.79,17.41,51,27.036,577
2023-11-15T00:00:00.000Z,6.28,86.65,38.97,28.95,47.6,17.795,578
2023-11-16T00:00:00.000Z,18.35,69.22,42.2,35.71,56.34,11.69,584
2023-11-17T00:00:00.000Z,0.3,37.65,6.03,2.65,12.38,6.363,566
2023-11-18T00:00:00.000Z,3.13,48,9.34,7.63,15.81,6.833,564
2023-11-19T00:00:00.000Z,2.25,43.53,6.2,4.59,7.34,3.636,576
2023-11-20T00:00:00.000Z,0.17,18.42,4.69,3.03,5.95,2.11,570
2023-11-21T00:00:00.000Z,1.25,58.9,3.49,2.58,5.07,3.091,578
2023-11-22T00:00:00.000Z,1.23,51.92,7.04,3.51,19.51,11.844,584
2023-11-23T00:00:00.000Z,4.03,50.3,14.54,9.35,30.13,12.231,542
2023-11-24T00:00:00.000Z,11.18,85.47,31.38,25.13,44.13,14.373,570
2023-11-25T00:00:00.000Z,9.98,99.75,30.02,13.97,48.22,19.13,580
2023-11-26T00:00:00.000Z,3.3,71.93,15.98,11.13,24.77,12.601,574
2023-11-27T00:00:00.000Z,0.75,29.3,5.81,3.5,7.5,3.784,578
2023-11-28T00:00:00.000Z,1.1,46.7,4.75,2.71,14.18,10.655,585
2023-11-29T00:00:00.000Z,3.78,58.42,19.67,14.01,27.57,12.823,581
2023-11-30T00:00:00.000Z,8.98,84.3,35.06,21.89,49.05,19.83,588
2023-12-01T00:00:00.000Z,17.75,168.75,50.03,32.2,58.36,20.345,576
2023-12-02T00:00:00.000Z,20.85,130.05,56.81,31.4,74.34,27.523,530
2023-12-03T00:00:00.000Z,27.48,158.72,72.84,40.15,82.78,30.687,582
2023-12-04T00:00:00.000Z,29.8,148.8,87.49,44.7,108.4,33.686,586
2023-12-05T00:00:00.000Z,21.15,766.38,138.75,70.86,162.9,64.111,581
2023-12-06T00:00:00.000Z,54.65,230.15,177.3,165.55,189.02,26.627,583
2023-12-07T00:00:00.000Z,20.38,146.72,90.3,49.05,114.13,35.624,579
2023-12-08T00:00:00.000Z,18.75,109.28,57.38,33,77.75,24.754,581
2023-12-09T00:00:00.000Z,15.82,128.72,53.49,29.96,71.19,25.365,588
2023-12-10T00:00:00.000Z,9.32,107.03,37.57,28.69,68.78,27.115,584
2023-12-11T00:00:00.000Z,5.88,61.67,24.58,17.02,33.63,13.007,583
2023-12-12T00:00:00.000Z,18.64,88.6,39.08,34.21,59.78,16.091,581
2023-12-13T00:00:00.000Z,20.39,99.2,60.75,47.05,72.28,18.525,587
2023-12-14T00:00:00.000Z,13.05,88.78,31.95,20.66,61.67,21.332,585
2023-12-15T00:00:00.000Z,5.88,72.63,27.92,18.64,45.86,17.37,585
2023-12-16T00:00:00.000Z,21.33,123.68,49.87,40.15,69.88,24.79,584
2023-12-17T00:00:00.000Z,1,123.65,27.9,3.61,79.84,37.973,585
2023-12-18T00:00:00.000Z,0.65,46.7,7.92,3.62,12.46,6.236,584
2023-12-19T00:00:00.000Z,5.55,47.78,21.27,15.48,29.79,10.005,577
2023-12-20T00:00:00.000Z,12.9,95.95,51.72,32.92,61.53,20.41,587
2023-12-21T00:00:00.000Z,36.15,116.32,70.63,57.1,86.93,19.593,589
2023-12-22T00:00:00.000Z,45.2,161.63,101.88,85.85,146.22,28.83,583
2023-12-23T00:00:00.000Z,2.47,240.85,121.1,9.94,146.3,67.449,587
2023-12-24T00:00:00.000Z,0.4,28.52,4.38,2.34,9.78,4.872,584
2023-12-25T00:00:00.000Z,0.13,33.28,7.38,4.54,10.7,4.708,588
2023-12-26T00:00:00.000Z,2,40.67,7.72,4.43,14.43,6.77,489
2023-12-27T00:00:00.000Z,6.88,61.78,19.97,14.73,35.17,12.73,582
2023-12-28T00:00:00.000Z,1,51.2,9.13,3.15,23.15,12.91,586
2023-12-29T00:00:00.000Z,1.7,50.7,10.27,6.15,23,11.573,570
2023-12-30T00:00:00.000Z,5.35,90.95,30.58,18.92,40.08,20.035,587
2023-12-31T00:00:00.000Z,21.65,135.97,51.67,33.29,98.15,36.25,575
2024-01-01T00:00:00.000Z,24.3,84.07,36.25,29.05,46.6,13.641,231
2024-01-02T00:00:00.000Z,37.9,112.1,75.06,67.75,91.38,15.617,253
2024-01-03T00:00:00.000Z,33.92,106.22,64.44,54.75,73.93,16.905,574
2024-01-04T00:00:00.000Z,5.55,67.05,32.78,26.25,42.03,13.297,583
2024-01-05T00:00:00.000Z,6.43,64.18,22.15,13.98,29.38,13.567,579
2024-01-06T00:00:00.000Z,0.77,24.73,5.9,3.71,11.49,5.476,585
2024-01-07T00:00:00.000Z,2.13,57.28,11.89,5.78,21.95,11.703,586
2024-01-08T00:00:00.000Z,9.18,74.84,28.87,16.23,38.4,15.118,582
2024-01-09T00:00:00.000Z,10.02,59.03,18.39,15.72,24.26,7.285,584
2024-01-10T00:00:00.000Z,7.63,52.35,23.2,14.18,34.25,11.864,578
2024-01-11T00:00:00.000Z,6.03,63.83,35.33,17.27,48.28,16.007,582
2024-01-12T00:00:00.000Z,4.82,65.47,22.08,12.15,40.35,16.344,587
2024-01-13T00:00:00.000Z,1.48,41.58,11.1,5.3,15.45,8.22,581
2024-01-14T00:00:00.000Z,4.13,22.1,10.87,8.24,13.85,3.929,584
2024-01-15T00:00:00.000Z,9.38,57.13,28.27,19.69,35.29,11.606,584
2024-01-16T00:00:00.000Z,30.27,89.13,51.35,41.28,56.33,13.668,579
2024-01-17T00:00:00.000Z,24.88,114.1,55.38,44.17,71.22,16.783,583
2024-01-18T00:00:00.000Z,16.32,66.25,36.95,28.34,45.2,11.215,589
2024-01-19T00:00:00.000Z,17.82,78.05,47.58,33.34,57.68,15.554,576
2024-01-20T00:00:00.000Z,29.15,90.75,54.4,46.85,66.03,13.328,587
2024-01-21T00:00:00.000Z,16.63,135.72,47.47,32.27,75.38,31.556,585
2024-01-22T00:00:00.000Z,3.6,125.32,18.82,8.28,27.45,23.975,585
2024-01-23T00:00:00.000Z,0.55,61.6,9.96,4.68,31.27,15.738,578
2024-01-24T00:00:00.000Z,3.4,29.3,13.94,9.31,17.77,5.252,564
2024-01-25T00:00:00.000Z,3.25,52.15,18.05,11.07,28.04,10.983,589
2024-01-26T00:00:00.000Z,35.6,101.97,60.58,53.17,67.55,13.746,587
2024-01-27T00:00:00.000Z,40.5,127.88,82.66,71.45,88.45,14.131,590
2024-01-28T00:00:00.000Z,17.42,88.6,45.86,26.98,59.83,18.82,586
2024-01-29T00:00:00.000Z,8.77,101.97,50.36,44.72,66.31,16.753,590
2024-01-30T00:00:00.000Z,20.77,78.59,46.7,38.6,56.31,12.813,585
2024-01-31T00:00:00.000Z,15.52,101.9,54.16,29.4,61.58,19.029,586
2024-02-01T00:00:00.000Z,30.3,92.97,55.82,49.08,63.25,12.864,558
2024-02-02T00:00:00.000Z,38.72,124.47,59.46,48.09,73.09,17.644,548
2024-02-03T00:00:00.000Z,50.1,117.88,73.2,62.09,96.53,19.891,577
2024-02-04T00:00:00.000Z,69.18,137.52,114.47,100.97,119.93,15.359,570
2024-02-05T00:00:00.000Z,9.98,143,60.07,31.45,94.53,35.699,588
2024-02-06T00:00:00.000Z,3.6,17.57,7.89,6.07,9.98,2.654,588
2024-02-07T00:00:00.000Z,3.1,25.75,8.44,6.18,13.23,4.67,582
2024-02-08T00:00:00.000Z,7.72,43.42,13.77,11.84,16.09,5.369,556
2024-02-09T00:00:00.000Z,7.1,39.22,12.55,10.81,16.48,4.94,581
2024-02-10T00:00:00.000Z,6.3,67.59,15.52,12.67,21.02,8.325,580
2024-02-11T00:00:00.000Z,10.93,51.5,18.67,15.1,27.35,9.58,584
2024-02-12T00:00:00.000Z,12.65,49.9,23.3,19.1,33.15,8.086,582
2024-02-13T00:00:00.000Z,9.18,77.28,31.42,21.43,43.94,15.899,584
2024-02-14T00:00:00.000Z,5.78,84.72,47.22,24.2,58.05,18.89,587
2024-02-15T00:00:00.000Z,2.1,32.85,12.05,6.32,21.83,8.455,575
2024-02-16T00:00:00.000Z,7.72,45.2,17.66,14.25,21.52,6.684,586
2024-02-17T00:00:00.000Z,15.68,52.45,26.23,22,34.42,7.718,585
2024-02-18T00:00:00.000Z,1.85,28.27,10.07,6.05,15.27,7.269,586
2024-02-19T00:00:00.000Z,2.54,26.52,10.38,8.1,17.17,5.234,587
2024-02-20T00:00:00.000Z,3.6,29.4,12.75,8.19,15.78,4.733,576
2024-02-21T00:00:00.000Z,4.9,54.17,15.65,11.5,23.5,7.162,567
2024-02-22T00:00:00.000Z,4.65,29.5,17.57,10.5,22.5,6.35,583
2024-02-23T00:00:00.000Z,2.75,35.38,13.02,9.1,22.13,7.923,587
2024-02-24T00:00:00.000Z,5.09,48.7,18.51,11.1,22.85,9.125,584
2024-02-25T00:00:00.000Z,1.14,9.4,3.97,2.92,5.37,1.64,584
2024-02-26T00:00:00.000Z,1.55,31.48,8.05,5.38,13.27,6.544,581
2024-02-27T00:00:00.000Z,3.47,29.8,11.18,7.85,14.82,5.088,583
2024-02-28T00:00:00.000Z,11.15,42.63,15.55,13.81,18.87,6.076,589
2024-02-29T00:00:00.000Z,10.6,46.28,19.02,15.5,27.8,8.809,582
2024-03-01T00:00:00.000Z,14.1,88.28,26.89,21.5,37.28,10.614,522
2024-03-02T00:00:00.000Z,12.55,111.35,27.42,20.05,43,18.425,581
2024-03-03T00:00:00.000Z,11.3,69.8,29.95,25.34,40.15,11.915,584
2024-03-04T00:00:00.000Z,19.42,58.8,34.63,26.79,40.06,8.684,581
2024-03-05T00:00:00.000Z,10.75,48.85,29.82,15.44,38.46,11.476,576
2024-03-06T00:00:00.000Z,5.97,52.9,15.64,11.23,22.2,8.712,578
2024-03-07T00:00:00.000Z,1.77,37.72,12.82,8.89,21.52,8.1,561
2024-03-08T00:00:00.000Z,2.29,31.8,11.69,6.45,21.09,7.752,576
2024-03-09T00:00:00.000Z,3.65,31.23,11.85,7.28,15.95,5.252,579
2024-03-10T00:00:00.000Z,9.94,38.03,17.3,14,23.59,6.701,577
2024-03-11T00:00:00.000Z,4.09,47.6,16.6,8.82,29.8,10.843,554
2024-03-12T00:00:00.000Z,4.72,41.85,12.93,8.63,16.2,6.515,574
2024-03-13T00:00:00.000Z,7.88,48.5,13.5,11.26,18.41,8.051,585
2024-03-14T00:00:00.000Z,9.57,50.85,19.75,16.07,25.95,9.209,575
2024-03-15T00:00:00.000Z,3.3,45.72,16.67,11.52,30.58,11.457,584
2024-03-16T00:00:00.000Z,1.12,30.17,4.43,3.55,6.17,2.322,581
2024-03-17T00:00:00.000Z,2.38,22.35,7.38,4.68,9.69,3.271,567
2024-03-18T00:00:00.000Z,2.9,40.9,14.05,6.45,27.2,11.713,581
2024-03-19T00:00:00.000Z,1.38,36.78,18.37,12.48,23.73,8.317,582
2024-03-20T00:00:00.000Z,0.4,13.73,4.47,1.73,5.94,2.594,580
2024-03-21T00:00:00.000Z,1.6,26.45,9.35,5.21,16.79,6.128,584
2024-03-22T00:00:00.000Z,2.65,24.25,13.45,11.15,16.02,4.013,499
2024-03-23T00:00:00.000Z,1.35,21.5,5.32,4.04,8.18,3.137,537
2024-03-24T00:00:00.000Z,2,39.88,7.38,4.75,16.23,6.376,565
2024-03-25T00:00:00.000Z,3.4,25.6,8.5,6.2,11.37,3.656,585
2024-03-26T00:00:00.000Z,1.9,82.13,6.82,4.98,8.77,4.569,585
2024-03-27T00:00:00.000Z,1.1,52.53,4,2.58,8.77,4.875,585
2024-03-28T00:00:00.000Z,3.83,32.78,7.6,5.95,12.02,5.516,583
2024-03-29T00:00:00.000Z,4.97,18,8.68,7.02,10.92,2.83,369
2024-03-30T00:00:00.000Z,1.73,22.2,5.6,3.33,10.5,4.677,578
2024-03-31T00:00:00.000Z,1.6,44.35,5.95,3.38,13.63,7.462,583
2024-04-01T00:00:00.000Z,2.42,49.03,7.52,5.6,13.76,7.942,540
2024-04-02T00:00:00.000Z,2.72,37.08,8.52,5.6,12.95,6.877,583
2024-04-03T00:00:00.000Z,3.03,42.22,9.9,7.14,14.64,6.231,584
2024-04-04T00:00:00.000Z,4.15,29.77,9.32,7.1,12.75,4.837,589
2024-04-05T00:00:00.000Z,2.92,36.22,9.19,5.43,12.32,5.454,583
2024-04-06T00:00:00.000Z,0.77,22.4,5.47,4.04,7.93,3.053,585
2024-04-07T00:00:00.000Z,2.54,65.68,7.55,5.97,9.07,4.192,586
2024-04-08T00:00:00.000Z,2.88,28.05,8.32,5.45,11.9,4.196,586
2024-04-09T00:00:00.000Z,2.78,35.97,12.93,7.8,19.13,7.65,584
2024-04-10T00:00:00.000Z,0.5,20.3,4.75,2.69,7.68,4.132,573
2024-04-11T00:00:00.000Z,1.4,17.35,5.53,4.4,6.93,2.039,563
2024-04-12T00:00:00.000Z,2.75,33.42,7.97,5.15,13.05,5.223,565
2024-04-13T00:00:00.000Z,3.17,32.95,8.98,6.88,11.43,4.541,584
2024-04-14T00:00:00.000Z,4.05,25.1,7.6,5.75,9.11,2.643,584
2024-04-15T00:00:00.000Z,3.03,22.33,7.07,5.5,10.7,2.965,587
2024-04-16T00:00:00.000Z,2.9,34.85,7.95,6.3,9.8,3.431,583
2024-04-17T00:00:00.000Z,3.08,47.28,8.03,5.96,10.81,4.367,568
2024-04-18T00:00:00.000Z,2.38,31.6,9.18,5.39,11.07,5.024,588
2024-04-19T00:00:00.000Z,3.1,24.83,6.93,5.6,9.18,3.442,581
2024-04-20T00:00:00.000Z,3.35,18.89,8.57,6.72,10.77,3.063,558
2024-04-21T00:00:00.000Z,2.58,28.52,8.02,5.46,12.48,4.522,588
2024-04-22T00:00:00.000Z,1.83,18.57,5.89,3.9,10.5,4.339,582
2024-04-23T00:00:00.000Z,2.02,25.9,4.55,3.42,7.7,3.631,578
2024-04-24T00:00:00.000Z,3.2,51.6,8.77,6.4,15.18,9.006,584
2024-04-25T00:00:00.000Z,4.13,80.59,9.13,6.97,12.02,4.643,559
2024-04-26T00:00:00.000Z,4.22,41.53,8.88,7.32,12.55,4.591,574
2024-04-27T00:00:00.000Z,8.63,25.88,12.25,11.07,13.88,2.714,587
2024-04-28T00:00:00.000Z,5.35,22.48,10.27,7.57,12.63,3.277,589
2024-04-29T00:00:00.000Z,4.7,34.42,10.07,7.42,14.19,4.411,585
2024-04-30T00:00:00.000Z,3.42,19.55,8.4,7.03,10.57,2.998,587
2024-05-01T00:00:00.000Z,3.38,15.38,6.42,5.25,7.55,1.853,544
2024-05-02T00:00:00.000Z,1.7,15.63,6.63,5.38,7.93,2.095,589
2024-05-03T00:00:00.000Z,0.8,15.45,3.13,2.08,4.5,2.451,586
2024-05-04T00:00:00.000Z,2.1,15.77,4.4,3.5,6.05,1.961,372
2024-05-05T00:00:00.000Z,1.1,33.13,3.78,2.65,7.6,4.332,474
2024-05-06T00:00:00.000Z,0.3,19.1,2.67,1.74,4.3,2.689,585
2024-05-07T00:00:00.000Z,0.93,173.05,5.29,3.72,7.17,17.275,584
2024-05-08T00:00:00.000Z,1.1,23.1,3.62,2.71,4.95,2.28,584
2024-05-09T00:00:00.000Z,0.88,20.14,3.4,2.29,5.8,3.485,583
2024-05-10T00:00:00.000Z,1.14,13.02,3.38,2.7,4.43,1.644,587
2024-05-11T00:00:00.000Z,0.8,28.92,7.39,5.8,10.24,3.805,588
2024-05-12T00:00:00.000Z,1.02,15.68,5.97,4.38,7.75,2.515,585
2024-05-13T00:00:00.000Z,0.82,19.75,3.29,2.22,4.4,2.562,586
2024-05-14T00:00:00.000Z,0.2,12.8,2.5,1.65,4.8,2.754,586
2024-05-15T00:00:00.000Z,0.3,11.1,2.69,1.77,3.92,1.809,586
2024-05-16T00:00:00.000Z,1.3,24.1,4.2,3.25,6.13,4.127,579
2024-05-17T00:00:00.000Z,0.2,23.02,2.13,1.3,3.55,4.075,587
2024-05-18T00:00:00.000Z,0.8,17.5,2.65,2,3.72,2.334,586
2024-05-19T00:00:00.000Z,1.33,21.98,4.13,3.15,5.09,1.82,586
2024-05-20T00:00:00.000Z,1.95,20.88,4.82,3.83,5.85,2.434,585
2024-05-21T00:00:00.000Z,1.63,27.85,5.47,4.51,7.3,2.856,588
2024-05-22T00:00:00.000Z,2.22,17.45,6.42,4.25,8.36,2.955,584
2024-05-23T00:00:00.000Z,1.5,15.48,5.37,3.97,6.78,2.009,586
2024-05-24T00:00:00.000Z,0.75,17.2,5.24,4.05,7.25,2.36,588
2024-05-25T00:00:00.000Z,0.5,17.89,3.7,2.5,5.09,2.472,586
2024-05-26T00:00:00.000Z,0.5,24.35,6.88,4.68,9.43,4.73,587
2024-05-27T00:00:00.000Z,1.52,13.73,5.07,4.04,6.53,2.06,585
2024-05-28T00:00:00.000Z,1.67,30.25,6.03,4.45,7.73,3.26,589
2024-05-29T00:00:00.000Z,3.42,27.4,7.55,6.32,8.94,3.453,587
2024-05-30T00:00:00.000Z,2.67,28.67,6.82,5.42,9.07,3.39,585
2024-05-31T00:00:00.000Z,5.57,41.2,9.88,7.7,13.07,4.956,587
2024-06-01T00:00:00.000Z,1.1,22.42,5.6,3.7,6.95,2.501,554
2024-06-02T00:00:00.000Z,1.1,15.5,3.92,2.95,7.43,3.383,587
2024-06-03T00:00:00.000Z,2.13,26.5,5.07,3.97,6.63,4.132,588
2024-06-04T00:00:00.000Z,1.9,20.52,6.02,4.97,7.15,2.104,586
2024-06-05T00:00:00.000Z,2.38,28.08,5.82,4.5,7.79,3.418,589
2024-06-06T00:00:00.000Z,2.75,28.52,6.32,5.2,7.93,3.075,583
2024-06-07T00:00:00.000Z,1.8,12.1,4.7,3.75,6.32,1.963,582
2024-06-08T00:00:00.000Z,2.83,26.05,6.27,5.07,8.01,2.544,588
2024-06-09T00:00:00.000Z,2.67,22.15,7.03,5.63,9.77,3.819,586
2024-06-10T00:00:00.000Z,2.35,24.3,6.47,5.5,7.97,2.606,582
2024-06-11T00:00:00.000Z,2.38,16.64,5.3,4.15,6.47,2.289,575
2024-06-12T00:00:00.000Z,2.38,25.1,4.93,4.2,6.03,3.135,586
2024-06-13T00:00:00.000Z,2.29,15.88,5.28,4.2,6.65,2.291,587
2024-06-14T00:00:00.000Z,2.1,15.5,5.85,4.47,7.25,2.072,586
2024-06-15T00:00:00.000Z,2.83,24.83,6.19,5.09,8.03,3.029,516
2024-06-16T00:00:00.000Z,2.78,35.28,5.68,5,7.15,2.555,588
2024-06-17T00:00:00.000Z,3.2,27.55,6.72,5.18,9.52,4.072,586
2024-06-18T00:00:00.000Z,1.7,50.97,8.75,6.43,11.19,4.367,588
2024-06-19T00:00:00.000Z,2.97,20.98,6,5.07,7.72,3.571,584
2024-06-20T00:00:00.000Z,1.3,19.02,5.07,3.9,6.74,2.407,584
2024-06-21T00:00:00.000Z,2.1,14.5,4.47,3.55,5.8,1.888,582
2024-06-22T00:00:00.000Z,1.1,18.3,4.63,3.08,6.85,3.064,582
2024-06-23T00:00:00.000Z,2.2,12.73,5.38,4.18,7.22,2.112,586
2024-06-24T00:00:00.000Z,2.6,15.48,5.64,4.68,6.93,1.756,582
2024-06-25T00:00:00.000Z,3.3,18.98,5.95,5.13,7.13,1.908,588
2024-06-26T00:00:00.000Z,2.38,5.55,3.88,3.42,4.34,0.575,107