id,name,longitude,latitude
1,"ք. Երևան, Արշակունյաց 27/3",44.504019,40.158253
2,"ք. Երևան, Ալմա-Աթայի փ. հ.1/4",44.57564323,40.21918492
3,"ՀՀ Ք.Երևան,  Դավթաշեն 1-ին թաղամաս 61",44.486441,40.219206
4,"ք. Երևան, Արշակունյաց 27/3",44.504168,40.158515
5,"ք. Երևան, Քանաքեռ-Զեյթուն, Դրոյի փ. հ. 13/1",44.541504,40.203171
6,"ք. Երևան, Ս․ Լուկաշինի 37/47 ",44.447,40.193658
7,"ք. Երևան, Քանաքեռ-Զեյթուն, Դրոյի փ. հ.22 ",44.544678,40.205636
8,"ք. Երևան, Դ․ Անհաղթ h․25",44.53647643,40.20000343
9,"ք. Երևան, Նորք 19",44.5427381,40.19189044
10,"ՀՀ, ք․ Երևան,Կ․ Ուլնեցու 45/1",44.533607,40.202882
11,"ՀՀ, ք․ Երևան,Կ․ Ուլնեցու 45/1",44.533042,40.202509
12,"ք. Երևան, Դ․ Անհաղթ h․25",44.53688336,40.20032464
13,"ՀՀ Ք.Երևան,  Դավթաշեն 1-ին թաղամաս 61",44.485678,40.219126
14,"ք. Երևան, Ս․ Լուկաշինի 37/47 ",44.446711,40.19401
15,"ք. Երևան, Քանաքեռ-Զեյթուն, Դրոյի փ. հ. 13/1",44.540715,40.203692
16,"ք. Երևան, Ալմա-Աթայի փ. հ.1/4",44.576525,40.218822
17,"ք. Երևան, Քանաքեռ-Զեյթուն, Դրոյի փ. հ.22 ",44.54432738,40.20529295
18,"ք․Երևան, Գ․ Նժդեհ 15/1",44.486616,40.151925
19,"ք․Երևան, Գ․ Նժդեհ 15/1",44.485872,40.15182571
20,"ք. Երևան, Դավթաշեն 10-րդ փ. հ.15/5",44.484628,40.221149
21,"ք. Երևան, Դավթաշեն 10-րդ փ. հ.15/5",44.48396,40.220139
22,"ք․ Երևան, Արշակունյաց պողոտա 192",44.496617,40.144987
23,"ք․ Երևան, Արշակունյաց պողոտա 192",44.497045,40.14486
24,"ք․ Երևան, Ծիծեռնակաբերդի խճ - 1",44.480846,40.181453
25,"ք․ Երևան, Ծիծեռնակաբերդի խճ - 2",44.480768,40.181398
26,"ք․ Երևան, Ծիծեռնակաբերդի խճ - 3",44.48088379,40.18233269
27,"ք․ Երևան, Ծիծեռնակաբերդի խճ - 4",44.48123197,40.18257028
28,"ք. Երևան, Սվետլանա Գրիգորյան փ. 21",44.515686,40.201274
29,"ք. Երևան, Սվետլանա Գրիգորյան փ. 21",44.515867,40.201072
30,"ք. Երևան, Նորք 1-ին զ, Նանսեն 24",44.556469,40.197623
31,"ք. Երևան, Նորք 1-ին զ, Նանսեն 24",44.557409,40.19745
32,"ք. Երևան, Գևորգ Էմին 12",44.50960244,40.19441405
33,"ք. Երևան, Գևորգ Էմին 12",44.50911,40.19399271
34,"ք. Երևան, Գրիբոյեդովի 17",44.51273501,40.21142065
35,"ք. Երևան, Գրիբոյեդովի 17",44.51399545,40.21069034
36,"ք. Երևան, Ռուբինյանց 27/16",44.55281259,40.20647974
37,"ք. Երևան, Իսակովի 22/1",44.46106959,40.1577006
38,"ք․ Երևան, Վերին Անտառային փ. 136/2",44.51112269,40.19757584
39,"ք. Երևան, Իսակովի 22/1",44.45989414,40.15757547
40,"ք․ Երևան, Վերին Անտառային փ. 136/2",44.509898,40.198153
41,"ք․Երևան, Էդվարդ Միրզոյան 5 ",44.50853,40.19610524
42,"ք․Երևան, Էդվարդ Միրզոյան 5 ",44.50788842,40.19635268
43,"ք․Երևան, Լենինգրադյան 23/18",44.47151674,40.18960546
44,"ք․ Երևան, Գ․Հովսփյան փ․ 64/7",44.53518,40.174524
45,"ք․Երևան, Լենինգրադյան 23/18",44.47200087,40.18906332
46,"ք․ Երևան, Արամի 32",44.51360842,40.180954
47,"ք․ Երևան, Արամի 32",44.513889,40.18123
48,"ք․ Երևան, Արտաշատի խճ․101/2",44.47083425,40.10853754
49,"ք․ Երևան, Նորք – Մարաշ, Այծեմնիկ Ուրարտուի 82/5",44.543395,40.177916
50,"ք․ Երևան, Նորք – Մարաշ, Այծեմնիկ Ուրարտուի 82/5",44.54284284,40.17785102
51,"ք․ Երևան, Դ.Դեմիրճյան փողոց 20-22    ",44.507454,40.188695
52,"ք․ Երևան, Փիրումյաներ 13",44.496958,40.219682
53,"ք․ Երևան, Դ.Դեմիրճյան փողոց 20-22    ",44.506769,40.18868
54,"ք․ Երևան, Անտառային 154-156 ",44.510298,40.19362
55,"ք․ Երևան, Անտառային 154-156 ",44.510538,40.193874
56,"ք․ Երևան, Փիրումյաներ 13",44.49609,40.219706
57,"ք․ Երևան,  Հալաբյան 20/16",44.4802821,40.20120456
58,"ք․ Երևան,  Հալաբյան 20/1",44.47991005,40.20105148
59,"ք․ Երևան,  Դավիթ Բեկի 105",44.548314,40.170744
60,"ք․ Երևան,  Դավիթ Բեկի 105",44.54883102,40.17010696
61,"ք․ Երևան, Մ․ Ֆրունզեի 10/4",44.493423,40.148754
62,"ք․ Երևան,   Անտառային 164/2",44.50874282,40.19421204
63,"ք․ Երևան, Մ․ Ֆրունզեի 10/4",44.49349798,40.14848446
64,"ք․ Երևան,   Վ.Անտառային փ.123/4և 125/4  հողամաս",44.51227551,40.19567793
65,"ք․ Երևան,   Վ.Անտառային փ.123/4և 125/4  հողամաս",44.51244829,40.19532955
66,"ք․ Երևան,   Վ․ Անտառային փողոց հ․ 144 հողամաս",44.51371508,40.19539728
67,"ք․ Երևան,   Վ․ Անտառային փողոց հ․ 144 հողամաս",44.51320652,40.19497351
68,"ք․ Երևան,   Ծիծեռնակաբերդի խճ. 9/1",44.48422029,40.17972747
69,"ք․ Երևան,   Ծիծեռնակաբերդի խճ. 9/1",44.48494739,40.1797907
70,"ք․ Երևան,    Ա. Միկոյան փողոց հ․107/4",44.50615171,40.22545761
71,"ք․ Երևան,    Ա. Միկոյան փողոց հ․107/4",44.50627257,40.2248533
72,"ք․ Երևան,   Դավիթ Անհաղթ հ 6",44.53234,40.201018
73,"ք․ Երևան,   Նոր Նորք Լվովյան փ. 30 հողամաս",44.55991474,40.20249077
74,"ք․ Երևան,   Նոր Նորք Լվովյան փ. 30 հողամաս",44.55983151,40.20236235
75,"ք․ Երևան,   Դավիթ Անհաղթ հ 6",44.53260286,40.20176486
76,"ք․ Երևան,   Աճառյան փողոց հ․37/41",44.550733,40.220339
77,"ք․ Երևան,   Աճառյան փողոց հ․37/41",44.54981418,40.22028588
78,"ք․ Երևան,   Դավթաշեն Ա.Միկոյան 31",44.49442396,40.21710904
79,"ք․ Երևան,   Դավթաշեն Ա.Միկոյան 31",44.49487403,40.21759834
80,"ք․ Երևան, Զորավար Անդրանիկի փ․ 121/6",44.44647031,40.16685729
81,"ք․ Երևան, Զորավար Անդրանիկի փ․ 121/6",44.44609682,40.1668213
82,"ք․ Երևան, Գ.Հասրաթյան 19",44.46205,40.195894
83,"ք․ Երևան, Գ.Հասրաթյան 19",44.461971,40.195849
84,"ք․ Երևան,  Պարոնյան 15/5 ",44.499183,40.180281
85,"ք․ Երևան,  Պարոնյան 15/5 ",44.499216,40.17912
86,"ք․ Երևան, Մանուկ Աբեղյան 5 տուն",44.525809,40.178973
87,"ք․ Երևան, Նոր Նորք, Գյուրջյան փողոց 14/1",44.55596523,40.18752295
88,"ք․ Երևան, Մանուկ Աբեղյան 5 տուն",44.525881,40.179055
89,"ք․ Երևան,  Ավան Աճառյան 37/1",44.556577,40.229663
90,"ք․ Երևան,  Ավան Աճառյան 37/1",44.556424,40.23007
91,"ք․ Երևան, Նոր Նորք, Գյուրջյան փողոց 14/1",44.555432,40.187989
92,"ք․ Երևան,  Խանջյան 7/2",44.51631577,40.17403294
93,"ք․ Երևան,  Խանջյան 7/2",44.516232,40.17416285
94,"ք․ Երևան, Վերին Անտառային 146/7",44.51152598,40.19694712
95,"ք․ Երևան, Նորքի Այգիներ 180 ",44.53630276,40.18309529
96,"ք․ Երևան, Նորքի Այգիներ 180 ",44.536401,40.183089
97,"ք․ Երևան, Ն. Ադոնցի փողոց 19/4",44.518601,40.213233
98,"ք․ Երևան, Ն. Ադոնցի փողոց 19/4",44.5184425,40.21321854
99,"ք․ Երևան, Ահարոնյան 2",44.53279015,40.2075163
100,"ք․ Երևան, Ահարոնյան 2",44.532404,40.20790828
101,"ք․ Երևան, Դ․Հովհաննեսի փ․ հ․16 ",44.508796,40.202092
102,"ք․ Երևան, Դ․Հովհաննեսի փ․ հ․16 ",44.508619,40.201929
103,"ք․ Երևան, Քանաքեռցու 141/3",44.55105796,40.22958342
104,"ք․ Երևան, Քանաքեռցու 141/3",44.550823,40.229327
105,"ք․ Երևան, Արշակունյաց 9/2 ",44.506554,40.166703
106,"ք․ Երևան, Արշակունյաց 33 ,33/2",44.50317495,40.15747727
107,"ք․ Երևան, Արշակունյաց 9/2 ",44.50823365,40.1666896
108,"ք․ Երևան, Արշակունյաց 33 ,33/2",44.502631,40.158154
109,"ք․ Երևան, Օրբելի 23",44.493397,40.193519
110,"ք․ Երևան, Օրբելի 23",44.496073,40.19276785
111,"ք․ Երևան, Ղափանցյան 4/9",44.52258771,40.21599044
112,"ք․ Երևան, Ղափանցյան 4/9",44.52248,40.216414
113,"ք․ Երևան, Գյուրջյան 11/3 ",44.56237976,40.19260047
114,"ք․ Երևան, Գյուրջյան 11/3 ",44.561654,40.192589
115,"ք․ Երևան, Արշակունյաց 11/4 ",44.506045,40.166701
116,"ք․ Երևան, Արշակունյաց 11/4 ",44.50728742,40.16750106
117,"ք․ Երևան, Ծիծեռնակաբերդի խճղ., 11/1 ",44.482055,40.181138
118,"ք․ Երևան, Գևորգ Էմինի փողոց 6 ",44.509532,40.194708
119,"ք․ Երևան, Գևորգ Էմինի փողոց 6 ",44.509852,40.194601
120,"ք․ Երևան, Տ. Պետրոսյան փ. 81/2 ",44.498699,40.227134
121,"ք․ Երևան, Տ. Պետրոսյան փ. 81/2 ",44.499558,40.226542
122,"ք․ Երևան, Ռ. Սևակի փ. 30/32 ",44.508868,40.201985
123,"ք․ Երևան, Հ.Հովսեփյան 31 ",44.479588,40.147693
124,"ք․ Երևան, Հ.Հովսեփյան 31 ",44.480929,40.147822
125,"ք․ Երևան, Ռ. Սևակի փ. 30/32 ",44.508831,40.201658
126,"ք․ Երևան,   Անտառային 164/2",44.508729,40.194102
127,"ք․ Երևան, Վերին Անտառային 146/7",44.511492,40.196616
128,"ք․ Երևան, Գ․Հովսփյան փ․ 64/7",44.535528,40.174195
129,"ք․ Երևան, Արտաշատի խճ․101/2",44.47160607,40.1091505
130,"ք․ Երևան, Դավթաշեն 4-րդ թաղ․, 46/12 հողատարածք",44.504157,40.228586
131,"ք․ Երևան, Դավթաշեն 4-րդ թաղ․, 46/12 հողատարածք",44.50321,40.22769341
132,"ք. Երևան, Ռուբինյանց 27/16",44.552834,40.20587
133,"ք․ Երևան, Փիրումյանների փ. 7/6 ",44.49553396,40.22035921
134,"ք․ Երևան, Փիրումյանների փ. 7/6 ",44.496169,40.220032
135,"ք․ Երևան, Մարո Մարգարյան 7",44.509644,40.199584
136,"ք․ Երևան, Մարո Մարգարյան 7",44.509661,40.199928
137,"ք․ Երևան, Գոգոլի փ. 24/23",44.538873,40.197735
138,"ք․ Երևան, Գոգոլի փ. 24/23",44.539424,40.197894
139,"ք․ Երևան, Հովհանես Թևոսյան 1/5",44.57282,40.185929
140,"ք․ Երևան, Հովհանես Թևոսյան 1/5",44.57273,40.185334
141,"ք. Երևան, Նորք 19",44.543061,40.192033
142,"ք. Երևան, Ս. Փարաջանովի փ. 8 ",44.500135,40.178361
143,"ք. Երևան, Ս. Փարաջանովի փ. 8 ",44.500317,40.177913
144,"ք. Երևան, Իսրայելյան 41",44.501193,40.178387
145,"ք. Երևան, Իսրայելյան 41",44.501001,40.178392
146,"ք. Երևան, Արղության 10/15 ",44.512271,40.212904
147,"ք. Երևան, Արղության 10/15 ",44.511689,40.21345
148,"ք. Երևան, Կենտրոն վարչական շրջան, 33-րդ,թաղամաս, լոտեր՝ 10-11-12",44.514431,40.174153
149,"ք. Երևան, Կենտրոն վարչական շրջան, 33-րդ,թաղամաս, լոտեր՝ 10-11-12",44.514403,40.174953
150,"ք. Երևան, ք. Երևան, Լենինգրադյան փ. 19/11 և 5/4",44.473776,40.189968
151,"ք. Երևան, ք. Երևան, Լենինգրադյան փ. 19/11 և 5/4",44.47347,40.189413
152,"ք. Երևան, ք. Երևան, Ղափանցյան 3",44.520668,40.216703
153,"ք. Երևան, ք. Երևան, Ղափանցյան 3",44.520681,40.217206
154,"ք. Երևան, Աշոտ Հովհաննիսյան 21 ",44.575337,40.192423
155,"ք. Երևան, Աշոտ Հովհաննիսյան 21 ",44.57405,40.193365
156,"ք. Երևան, Վերֆելի 40/2",44.48915,40.177805
157,"ք. Երևան, Վերֆելի 40/2",44.48874,40.177902
158,"ք. Երևան, Մաշտոցի 2Ա",44.502197,40.175078
159,"ք. Երևան, Մաշտոցի 2Ա",44.502492,40.175789
160,"ք․ Երևան, Ծիծեռնակաբերդի խճղ., 11/1 ",44.481288,40.180812
161,"ք. Երևան, Նոր Արեշի 26-րդ փ 45 շենք",44.526841,40.139712
162,"ք. Երևան, Արշակունյաց 1 նրբ. 36  հողամաս",44.503233,40.166494
163,"ք. Երևան, Արշակունյաց 1 նրբ. 36  հողամաս",44.50265997,40.16615888
164,"ք. Երևան, Նոր Արեշի 26-րդ փ 45 շենք",44.52680113,40.13959918
166,"ք. Երևան, Արգիշտի 11/15",44.503418,40.171361
167,"ք. Երևան, Արգիշտի 11/15",44.503384,40.171081
168,"ք. Երևան, Իսակով 19/1",44.464906,40.158154
169,"ք. Երևան, Իսակով 19/1",44.464461,40.158068
170,"ք. Երևան, Ազատություն 26/1",44.531371,40.210914
171,"ք. Երևան, Ազատություն 26/1",44.531128,40.210632